aggregate_type,tablas_legacy,oracle_table,oracle_col,sugerencia_legacy_col,mapeo_final
agendaMailAfiliadoType,fctbagen_mail,AGENDAMAILAFILIADO_TYPE,CODIGOEMPRESA,,
agendaMailAfiliadoType,fctbagen_mail,AGENDAMAILAFILIADO_TYPE,CODIGOCEDU,,
agendaMailAfiliadoType,fctbagen_mail,AGENDAMAILAFILIADO_TYPE,SECUENCIAREGISTRO,,
agendaMailAfiliadoType,fctbagen_mail,AGENDAMAILAFILIADO_TYPE,DESCRIPCIONMAIL,,
agendaMailAfiliadoType,fctbagen_mail,AGENDAMAILAFILIADO_TYPE,INDICADORPRIN,,
agendaMailAfiliadoType,fctbagen_mail,AGENDAMAILAFILIADO_TYPE,USUARIOINGRESA,,
agendaMailAfiliadoType,fctbagen_mail,AGENDAMAILAFILIADO_TYPE,FECHAINGRESO,,
agendaMailAfiliadoType,fctbagen_mail,AGENDAMAILAFILIADO_TYPE,USUARIOMODIFICA,,
agendaMailAfiliadoType,fctbagen_mail,AGENDAMAILAFILIADO_TYPE,FECHAMODIFICACION,,
agendaMailAfiliadoType,fctbagen_mail,AGENDAMAILAFILIADO_TYPE,CODIGOUSUELIM,,
agendaMailAfiliadoType,fctbagen_mail,AGENDAMAILAFILIADO_TYPE,FECHAELIMINACION,,
agendaMailAfiliadoType,fctbagen_mail,AGENDAMAILAFILIADO_TYPE,ESTADOREGISTRO,,
areaLaboralParticipeType,fctbarea_lbrl,AREALABORALPARTICIPE_TYPE,CODIGOAREALABORAL,,
areaLaboralParticipeType,fctbarea_lbrl,AREALABORALPARTICIPE_TYPE,DESCRIPCIONAREALABORAL,,
areaLaboralParticipeType,fctbarea_lbrl,AREALABORALPARTICIPE_TYPE,ESTADOREGISTRO,,
auditoriaAfiliadoType,"cttbafil_audi,cttbtabl_afil,fctbaudi_actu_afil,fctbaudi_movi,sfct_afiliado_auditor,sfct_motivo_mant_afiliados",AUDITORIAAFILIADO_TYPE,CODIGOTIPOIDENTIFICACION,,
auditoriaAfiliadoType,"cttbafil_audi,cttbtabl_afil,fctbaudi_actu_afil,fctbaudi_movi,sfct_afiliado_auditor,sfct_motivo_mant_afiliados",AUDITORIAAFILIADO_TYPE,IDENTIFICACION,,
auditoriaAfiliadoType,"cttbafil_audi,cttbtabl_afil,fctbaudi_actu_afil,fctbaudi_movi,sfct_afiliado_auditor,sfct_motivo_mant_afiliados",AUDITORIAAFILIADO_TYPE,SECUENCIAAUDITORIA,,
auditoriaAfiliadoType,"cttbafil_audi,cttbtabl_afil,fctbaudi_actu_afil,fctbaudi_movi,sfct_afiliado_auditor,sfct_motivo_mant_afiliados",AUDITORIAAFILIADO_TYPE,FECHAMODIFICACION,,
auditoriaAfiliadoType,"cttbafil_audi,cttbtabl_afil,fctbaudi_actu_afil,fctbaudi_movi,sfct_afiliado_auditor,sfct_motivo_mant_afiliados",AUDITORIAAFILIADO_TYPE,CAMPOMODIFICADO,,
auditoriaAfiliadoType,"cttbafil_audi,cttbtabl_afil,fctbaudi_actu_afil,fctbaudi_movi,sfct_afiliado_auditor,sfct_motivo_mant_afiliados",AUDITORIAAFILIADO_TYPE,VALORANTERIOR,,
auditoriaAfiliadoType,"cttbafil_audi,cttbtabl_afil,fctbaudi_actu_afil,fctbaudi_movi,sfct_afiliado_auditor,sfct_motivo_mant_afiliados",AUDITORIAAFILIADO_TYPE,VALORNUEVO,,
auditoriaAfiliadoType,"cttbafil_audi,cttbtabl_afil,fctbaudi_actu_afil,fctbaudi_movi,sfct_afiliado_auditor,sfct_motivo_mant_afiliados",AUDITORIAAFILIADO_TYPE,CODIGOUSUARIO,,
auditoriaAfiliadoType,"cttbafil_audi,cttbtabl_afil,fctbaudi_actu_afil,fctbaudi_movi,sfct_afiliado_auditor,sfct_motivo_mant_afiliados",AUDITORIAAFILIADO_TYPE,TIPOOPERACION,,
auditoriaAfiliadoType,"cttbafil_audi,cttbtabl_afil,fctbaudi_actu_afil,fctbaudi_movi,sfct_afiliado_auditor,sfct_motivo_mant_afiliados",AUDITORIAAFILIADO_TYPE,ORIGENMODIFICACION,,
auditoriaAfiliadoType,"cttbafil_audi,cttbtabl_afil,fctbaudi_actu_afil,fctbaudi_movi,sfct_afiliado_auditor,sfct_motivo_mant_afiliados",AUDITORIAAFILIADO_TYPE,ESTADO,ce_estado,
auditoriaAfiliadoType,"cttbafil_audi,cttbtabl_afil,fctbaudi_actu_afil,fctbaudi_movi,sfct_afiliado_auditor,sfct_motivo_mant_afiliados",AUDITORIAAFILIADO_TYPE,CODIGOCUENTA,,
auditoriaAfiliadoType,"cttbafil_audi,cttbtabl_afil,fctbaudi_actu_afil,fctbaudi_movi,sfct_afiliado_auditor,sfct_motivo_mant_afiliados",AUDITORIAAFILIADO_TYPE,TIPOIDENTIFICACION,,
auditoriaAfiliadoType,"cttbafil_audi,cttbtabl_afil,fctbaudi_actu_afil,fctbaudi_movi,sfct_afiliado_auditor,sfct_motivo_mant_afiliados",AUDITORIAAFILIADO_TYPE,RELACIONPRODUCTO,,
auditoriaAfiliadoType,"cttbafil_audi,cttbtabl_afil,fctbaudi_actu_afil,fctbaudi_movi,sfct_afiliado_auditor,sfct_motivo_mant_afiliados",AUDITORIAAFILIADO_TYPE,CODIGOEMPRESA,,
auditoriaAfiliadoType,"cttbafil_audi,cttbtabl_afil,fctbaudi_actu_afil,fctbaudi_movi,sfct_afiliado_auditor,sfct_motivo_mant_afiliados",AUDITORIAAFILIADO_TYPE,SECUENCIAACTUALIZACION,,
auditoriaAfiliadoType,"cttbafil_audi,cttbtabl_afil,fctbaudi_actu_afil,fctbaudi_movi,sfct_afiliado_auditor,sfct_motivo_mant_afiliados",AUDITORIAAFILIADO_TYPE,NUMEROCEDULARECIBECOREO,,
auditoriaAfiliadoType,"cttbafil_audi,cttbtabl_afil,fctbaudi_actu_afil,fctbaudi_movi,sfct_afiliado_auditor,sfct_motivo_mant_afiliados",AUDITORIAAFILIADO_TYPE,NUMEROTELEFONOCONVENCIONAL,,
auditoriaAfiliadoType,"cttbafil_audi,cttbtabl_afil,fctbaudi_actu_afil,fctbaudi_movi,sfct_afiliado_auditor,sfct_motivo_mant_afiliados",AUDITORIAAFILIADO_TYPE,NUMEROTELEFONOCELULAR,,
auditoriaAfiliadoType,"cttbafil_audi,cttbtabl_afil,fctbaudi_actu_afil,fctbaudi_movi,sfct_afiliado_auditor,sfct_motivo_mant_afiliados",AUDITORIAAFILIADO_TYPE,DIRECCIONPATRONO,,
auditoriaAfiliadoType,"cttbafil_audi,cttbtabl_afil,fctbaudi_actu_afil,fctbaudi_movi,sfct_afiliado_auditor,sfct_motivo_mant_afiliados",AUDITORIAAFILIADO_TYPE,DESCRIPCIONINSTITUCION,,
auditoriaAfiliadoType,"cttbafil_audi,cttbtabl_afil,fctbaudi_actu_afil,fctbaudi_movi,sfct_afiliado_auditor,sfct_motivo_mant_afiliados",AUDITORIAAFILIADO_TYPE,USUARIOINGRESA,,
auditoriaAfiliadoType,"cttbafil_audi,cttbtabl_afil,fctbaudi_actu_afil,fctbaudi_movi,sfct_afiliado_auditor,sfct_motivo_mant_afiliados",AUDITORIAAFILIADO_TYPE,FECHACREACION,,
auditoriaAfiliadoType,"cttbafil_audi,cttbtabl_afil,fctbaudi_actu_afil,fctbaudi_movi,sfct_afiliado_auditor,sfct_motivo_mant_afiliados",AUDITORIAAFILIADO_TYPE,HORAINGRESO,,
auditoriaAfiliadoType,"cttbafil_audi,cttbtabl_afil,fctbaudi_actu_afil,fctbaudi_movi,sfct_afiliado_auditor,sfct_motivo_mant_afiliados",AUDITORIAAFILIADO_TYPE,CODIGOCAMPOAMODIFICAR,,
auditoriaAfiliadoType,"cttbafil_audi,cttbtabl_afil,fctbaudi_actu_afil,fctbaudi_movi,sfct_afiliado_auditor,sfct_motivo_mant_afiliados",AUDITORIAAFILIADO_TYPE,NOMBRECAMPOAMODIFICAR,,
auditoriaAfiliadoType,"cttbafil_audi,cttbtabl_afil,fctbaudi_actu_afil,fctbaudi_movi,sfct_afiliado_auditor,sfct_motivo_mant_afiliados",AUDITORIAAFILIADO_TYPE,DESCRIPCIONCAMPOAMODIFICAR,,
auditoriaAfiliadoType,"cttbafil_audi,cttbtabl_afil,fctbaudi_actu_afil,fctbaudi_movi,sfct_afiliado_auditor,sfct_motivo_mant_afiliados",AUDITORIAAFILIADO_TYPE,HORACREACION,,
auditoriaAfiliadoType,"cttbafil_audi,cttbtabl_afil,fctbaudi_actu_afil,fctbaudi_movi,sfct_afiliado_auditor,sfct_motivo_mant_afiliados",AUDITORIAAFILIADO_TYPE,DESCRIPCIONADICIONAL,,
auditoriaAfiliadoType,"cttbafil_audi,cttbtabl_afil,fctbaudi_actu_afil,fctbaudi_movi,sfct_afiliado_auditor,sfct_motivo_mant_afiliados",AUDITORIAAFILIADO_TYPE,CODIGOMOTIVOMANTENIMIENTO,,
auditoriaAfiliadoType,"cttbafil_audi,cttbtabl_afil,fctbaudi_actu_afil,fctbaudi_movi,sfct_afiliado_auditor,sfct_motivo_mant_afiliados",AUDITORIAAFILIADO_TYPE,NUMEROTRANSACCION,,
auditoriaAfiliadoType,"cttbafil_audi,cttbtabl_afil,fctbaudi_actu_afil,fctbaudi_movi,sfct_afiliado_auditor,sfct_motivo_mant_afiliados",AUDITORIAAFILIADO_TYPE,CODIGOTRANSACCIONUTILIZADA,,
auditoriaAfiliadoType,"cttbafil_audi,cttbtabl_afil,fctbaudi_actu_afil,fctbaudi_movi,sfct_afiliado_auditor,sfct_motivo_mant_afiliados",AUDITORIAAFILIADO_TYPE,HORAGENERACIONREGISTRO,,
auditoriaAfiliadoType,"cttbafil_audi,cttbtabl_afil,fctbaudi_actu_afil,fctbaudi_movi,sfct_afiliado_auditor,sfct_motivo_mant_afiliados",AUDITORIAAFILIADO_TYPE,INDICADORCONTRATOCESANTIA,,
auditoriaAfiliadoType,"cttbafil_audi,cttbtabl_afil,fctbaudi_actu_afil,fctbaudi_movi,sfct_afiliado_auditor,sfct_motivo_mant_afiliados",AUDITORIAAFILIADO_TYPE,NIVELAPORTE,ci_nivelaporte,
auditoriaAfiliadoType,"cttbafil_audi,cttbtabl_afil,fctbaudi_actu_afil,fctbaudi_movi,sfct_afiliado_auditor,sfct_motivo_mant_afiliados",AUDITORIAAFILIADO_TYPE,VALORDESCUENTOHIPOTECARIO,,
auditoriaAfiliadoType,"cttbafil_audi,cttbtabl_afil,fctbaudi_actu_afil,fctbaudi_movi,sfct_afiliado_auditor,sfct_motivo_mant_afiliados",AUDITORIAAFILIADO_TYPE,CODIGOCATEGORIA,,
auditoriaAfiliadoType,"cttbafil_audi,cttbtabl_afil,fctbaudi_actu_afil,fctbaudi_movi,sfct_afiliado_auditor,sfct_motivo_mant_afiliados",AUDITORIAAFILIADO_TYPE,CEDULACOORDINADOR,,
auditoriaAfiliadoType,"cttbafil_audi,cttbtabl_afil,fctbaudi_actu_afil,fctbaudi_movi,sfct_afiliado_auditor,sfct_motivo_mant_afiliados",AUDITORIAAFILIADO_TYPE,PORCENTAJECAM,,
auditoriaAfiliadoType,"cttbafil_audi,cttbtabl_afil,fctbaudi_actu_afil,fctbaudi_movi,sfct_afiliado_auditor,sfct_motivo_mant_afiliados",AUDITORIAAFILIADO_TYPE,PORCENTAJEFUNCIONAL,,
beneficiarioParticipeType,"sfct_beneficiario,sfct_beneficiario_retiro",BENEFICIARIOPARTICIPE_TYPE,APELLIDOSBENEFICIARIOS,,
beneficiarioParticipeType,"sfct_beneficiario,sfct_beneficiario_retiro",BENEFICIARIOPARTICIPE_TYPE,CODIGOBANCOPAGO,,
beneficiarioParticipeType,"sfct_beneficiario,sfct_beneficiario_retiro",BENEFICIARIOPARTICIPE_TYPE,CODIGOEMPRESA,,
beneficiarioParticipeType,"sfct_beneficiario,sfct_beneficiario_retiro",BENEFICIARIOPARTICIPE_TYPE,CODIGOUSUARIOINGRESOREGISTRO,,
beneficiarioParticipeType,"sfct_beneficiario,sfct_beneficiario_retiro",BENEFICIARIOPARTICIPE_TYPE,CODIGOUSUARIOMODIFICOREGISTRO,,
beneficiarioParticipeType,"sfct_beneficiario,sfct_beneficiario_retiro",BENEFICIARIOPARTICIPE_TYPE,ESTATUSDELBENEFICIARIO,,
beneficiarioParticipeType,"sfct_beneficiario,sfct_beneficiario_retiro",BENEFICIARIOPARTICIPE_TYPE,FECHACREACIONREGISTRO,,
beneficiarioParticipeType,"sfct_beneficiario,sfct_beneficiario_retiro",BENEFICIARIOPARTICIPE_TYPE,FECHAMODIFICACION,,
beneficiarioParticipeType,"sfct_beneficiario,sfct_beneficiario_retiro",BENEFICIARIOPARTICIPE_TYPE,NOMBRESBENEFICIARIO,,
beneficiarioParticipeType,"sfct_beneficiario,sfct_beneficiario_retiro",BENEFICIARIOPARTICIPE_TYPE,NUMEROCEDULA,,
beneficiarioParticipeType,"sfct_beneficiario,sfct_beneficiario_retiro",BENEFICIARIOPARTICIPE_TYPE,NUMEROCEDULABENEFICIARIO,,
beneficiarioParticipeType,"sfct_beneficiario,sfct_beneficiario_retiro",BENEFICIARIOPARTICIPE_TYPE,NUMEROCUENTA,,
beneficiarioParticipeType,"sfct_beneficiario,sfct_beneficiario_retiro",BENEFICIARIOPARTICIPE_TYPE,PORCENTAJEDISTRIBUCIONVALORES,,
beneficiarioParticipeType,"sfct_beneficiario,sfct_beneficiario_retiro",BENEFICIARIOPARTICIPE_TYPE,SECUENCIABENEFICIARIO,,
beneficiarioParticipeType,"sfct_beneficiario,sfct_beneficiario_retiro",BENEFICIARIOPARTICIPE_TYPE,TIPOCUENTAPAGO,,
beneficiarioParticipeType,"sfct_beneficiario,sfct_beneficiario_retiro",BENEFICIARIOPARTICIPE_TYPE,CODIGOBANCO,,
beneficiarioParticipeType,"sfct_beneficiario,sfct_beneficiario_retiro",BENEFICIARIOPARTICIPE_TYPE,CODIGOBANCODESEMBOLSO,,
beneficiarioParticipeType,"sfct_beneficiario,sfct_beneficiario_retiro",BENEFICIARIOPARTICIPE_TYPE,ESTADOREGISTRO,,
beneficiarioParticipeType,"sfct_beneficiario,sfct_beneficiario_retiro",BENEFICIARIOPARTICIPE_TYPE,FECHACREACION,,
beneficiarioParticipeType,"sfct_beneficiario,sfct_beneficiario_retiro",BENEFICIARIOPARTICIPE_TYPE,FECHADESEMBOLSOLIQUIDACION,,
beneficiarioParticipeType,"sfct_beneficiario,sfct_beneficiario_retiro",BENEFICIARIOPARTICIPE_TYPE,FECHAELIMINACION,,
beneficiarioParticipeType,"sfct_beneficiario,sfct_beneficiario_retiro",BENEFICIARIOPARTICIPE_TYPE,MONTOARECIBIR,,
beneficiarioParticipeType,"sfct_beneficiario,sfct_beneficiario_retiro",BENEFICIARIOPARTICIPE_TYPE,NOMBREBENEFICIARIO,,
beneficiarioParticipeType,"sfct_beneficiario,sfct_beneficiario_retiro",BENEFICIARIOPARTICIPE_TYPE,SECUENCIADESEMBOLSOPORLIQUIDACION,,
beneficiarioParticipeType,"sfct_beneficiario,sfct_beneficiario_retiro",BENEFICIARIOPARTICIPE_TYPE,SECUENCIARETIRO,,
beneficiarioParticipeType,"sfct_beneficiario,sfct_beneficiario_retiro",BENEFICIARIOPARTICIPE_TYPE,TIPOCUENTA,,
beneficiarioParticipeType,"sfct_beneficiario,sfct_beneficiario_retiro",BENEFICIARIOPARTICIPE_TYPE,TIPODESEMBOLSO,,
beneficiarioParticipeType,"sfct_beneficiario,sfct_beneficiario_retiro",BENEFICIARIOPARTICIPE_TYPE,USUARIOELIMINA,,
beneficiarioParticipeType,"sfct_beneficiario,sfct_beneficiario_retiro",BENEFICIARIOPARTICIPE_TYPE,USUARIOINGRESA,,
cuentaBancariaAfiliadoType,sfct_padbs,CUENTABANCARIAAFILIADO_TYPE,CEDULABENEFICIARIO,,
cuentaBancariaAfiliadoType,sfct_padbs,CUENTABANCARIAAFILIADO_TYPE,CODIGOEMPRESA,,
cuentaBancariaAfiliadoType,sfct_padbs,CUENTABANCARIAAFILIADO_TYPE,CUENTABANCARIA,,
cuentaBancariaAfiliadoType,sfct_padbs,CUENTABANCARIAAFILIADO_TYPE,CUENTABANCODESTINO,,
cuentaBancariaAfiliadoType,sfct_padbs,CUENTABANCARIAAFILIADO_TYPE,ESTADOREGISTRO,,
cuentaBancariaAfiliadoType,sfct_padbs,CUENTABANCARIAAFILIADO_TYPE,FECHACREACION,,
cuentaBancariaAfiliadoType,sfct_padbs,CUENTABANCARIAAFILIADO_TYPE,FECHAELIMINACION,,
cuentaBancariaAfiliadoType,sfct_padbs,CUENTABANCARIAAFILIADO_TYPE,MONTOMOVIMIENTO,,
cuentaBancariaAfiliadoType,sfct_padbs,CUENTABANCARIAAFILIADO_TYPE,NOMBREBENEFICIARIOPAGO,,
cuentaBancariaAfiliadoType,sfct_padbs,CUENTABANCARIAAFILIADO_TYPE,NUMEROCUENTA,,
cuentaBancariaAfiliadoType,sfct_padbs,CUENTABANCARIAAFILIADO_TYPE,SECUENCIALIQUIDACION,,
cuentaBancariaAfiliadoType,sfct_padbs,CUENTABANCARIAAFILIADO_TYPE,SECUENCIAPAGO,,
cuentaBancariaAfiliadoType,sfct_padbs,CUENTABANCARIAAFILIADO_TYPE,TIPOCUENTA,,
cuentaBancariaAfiliadoType,sfct_padbs,CUENTABANCARIAAFILIADO_TYPE,TIPOPAGO,,
cuentaBancariaAfiliadoType,sfct_padbs,CUENTABANCARIAAFILIADO_TYPE,USUARIOELIMINA,,
cuentaBancariaAfiliadoType,sfct_padbs,CUENTABANCARIAAFILIADO_TYPE,USUARIOINGRESA,,
cuentaBancariaAfiliadoType,sfct_padbs,CUENTABANCARIAAFILIADO_TYPE,CODIGOBANCO,,
distribucionAfiliadoType,cttbmatr_dist_afil,DISTRIBUCIONAFILIADO_TYPE,CIRCUITO,Circuito,
distribucionAfiliadoType,cttbmatr_dist_afil,DISTRIBUCIONAFILIADO_TYPE,CIUDAD,Ciudad,
distribucionAfiliadoType,cttbmatr_dist_afil,DISTRIBUCIONAFILIADO_TYPE,DISTRITO,Distrito,
distribucionAfiliadoType,cttbmatr_dist_afil,DISTRIBUCIONAFILIADO_TYPE,ESTADODISTRIBUCIONAFILIADO,Estado,
distribucionAfiliadoType,cttbmatr_dist_afil,DISTRIBUCIONAFILIADO_TYPE,MONTOCREDITOVIGENTE,,
distribucionAfiliadoType,cttbmatr_dist_afil,DISTRIBUCIONAFILIADO_TYPE,MONTOCUENTAUNICA,,
distribucionAfiliadoType,cttbmatr_dist_afil,DISTRIBUCIONAFILIADO_TYPE,NOMBREPROVINCIA,Provincia,
distribucionAfiliadoType,cttbmatr_dist_afil,DISTRIBUCIONAFILIADO_TYPE,NUMEROAFILIADO,NumeroAfiliado,
distribucionAfiliadoType,cttbmatr_dist_afil,DISTRIBUCIONAFILIADO_TYPE,NUMEROAFILIADOACTUALIZADO,NumeroAfiliadoActualizado,
distribucionAfiliadoType,cttbmatr_dist_afil,DISTRIBUCIONAFILIADO_TYPE,NUMEROCADB,NumeroCADB,
distribucionAfiliadoType,cttbmatr_dist_afil,DISTRIBUCIONAFILIADO_TYPE,NUMEROCAP,NumeroCAP,
distribucionAfiliadoType,cttbmatr_dist_afil,DISTRIBUCIONAFILIADO_TYPE,NUMEROCREDITOVIGENTE,NumeroCreditoVigente,
distribucionAfiliadoType,cttbmatr_dist_afil,DISTRIBUCIONAFILIADO_TYPE,NUMERODIRECTIVONACIONAL2008,NumeroDirectivoNacional2008,
distribucionAfiliadoType,cttbmatr_dist_afil,DISTRIBUCIONAFILIADO_TYPE,NUMERODIRECTIVONACIONAL2010,NumeroDirectivoNacional2010,
distribucionAfiliadoType,cttbmatr_dist_afil,DISTRIBUCIONAFILIADO_TYPE,NUMERODIRECTIVOPROVINCIAL2008,NumeroDirectivoProvincial2008,
distribucionAfiliadoType,cttbmatr_dist_afil,DISTRIBUCIONAFILIADO_TYPE,NUMERODIRECTIVOPROVINCIAL2010,NumeroDirectivoProvincial2010,
distribucionAfiliadoType,cttbmatr_dist_afil,DISTRIBUCIONAFILIADO_TYPE,NUMEROEJECUTIVOFINANCIERO,NumeroEjecutivoFinanciero,
distribucionAfiliadoType,cttbmatr_dist_afil,DISTRIBUCIONAFILIADO_TYPE,NUMEROINSTITUCIONES,NumeroInstituciones,
distribucionAfiliadoType,cttbmatr_dist_afil,DISTRIBUCIONAFILIADO_TYPE,NUMEROLEGADOCONVENCION2008,,
distribucionAfiliadoType,cttbmatr_dist_afil,DISTRIBUCIONAFILIADO_TYPE,NUMEROLEGADOCONVENCION2010,,
distribucionAfiliadoType,cttbmatr_dist_afil,DISTRIBUCIONAFILIADO_TYPE,NUMEROLIDEROPINION,,
distribucionAfiliadoType,cttbmatr_dist_afil,DISTRIBUCIONAFILIADO_TYPE,NUMEROPRESIDENTEEJECUTIVO2008,NumeroPresidenteEjecutivo2008,
distribucionAfiliadoType,cttbmatr_dist_afil,DISTRIBUCIONAFILIADO_TYPE,NUMEROPRESIDENTEEJECUTIVO2010,NumeroPresidenteEjecutivo2010,
distribucionAfiliadoType,cttbmatr_dist_afil,DISTRIBUCIONAFILIADO_TYPE,NUMEROPRESIDENTESPROVINCIALES2008,Provincia,
distribucionAfiliadoType,cttbmatr_dist_afil,DISTRIBUCIONAFILIADO_TYPE,NUMEROPRESIDENTESPROVINCIALES2010,Provincia,
distribucionAfiliadoType,cttbmatr_dist_afil,DISTRIBUCIONAFILIADO_TYPE,NUMEROSOLOCAM,,
distribucionAfiliadoType,cttbmatr_dist_afil,DISTRIBUCIONAFILIADO_TYPE,DESCRIPCIONPARROQUIA,Parroquia,
distribucionAfiliadoType,cttbmatr_dist_afil,DISTRIBUCIONAFILIADO_TYPE,TRABAJO,trabajo,
distribucionAfiliadoType,cttbmatr_dist_afil,DISTRIBUCIONAFILIADO_TYPE,ZONA,Zona,
documentacionAfiliadoType,"fctbafil_auto_docs,fctbafil_unif,fctbcart_rpag,fctbfcha_afil,fctbfcha_afil_dcto",DOCUMENTACIONAFILIADO_TYPE,CODIGOTIPOIDENTIFICACION,,
documentacionAfiliadoType,"fctbafil_auto_docs,fctbafil_unif,fctbcart_rpag,fctbfcha_afil,fctbfcha_afil_dcto",DOCUMENTACIONAFILIADO_TYPE,IDENTIFICACION,,
documentacionAfiliadoType,"fctbafil_auto_docs,fctbafil_unif,fctbcart_rpag,fctbfcha_afil,fctbfcha_afil_dcto",DOCUMENTACIONAFILIADO_TYPE,SECUENCIADOCUMENTO,,
documentacionAfiliadoType,"fctbafil_auto_docs,fctbafil_unif,fctbcart_rpag,fctbfcha_afil,fctbfcha_afil_dcto",DOCUMENTACIONAFILIADO_TYPE,CODIGODOCUMENTO,,
documentacionAfiliadoType,"fctbafil_auto_docs,fctbafil_unif,fctbcart_rpag,fctbfcha_afil,fctbfcha_afil_dcto",DOCUMENTACIONAFILIADO_TYPE,FECHAFIRMADOCUMENTO,,
documentacionAfiliadoType,"fctbafil_auto_docs,fctbafil_unif,fctbcart_rpag,fctbfcha_afil,fctbfcha_afil_dcto",DOCUMENTACIONAFILIADO_TYPE,CEDULAUNIFICADA,,
documentacionAfiliadoType,"fctbafil_auto_docs,fctbafil_unif,fctbcart_rpag,fctbfcha_afil,fctbfcha_afil_dcto",DOCUMENTACIONAFILIADO_TYPE,FECHAUNIFICACION,,
documentacionAfiliadoType,"fctbafil_auto_docs,fctbafil_unif,fctbcart_rpag,fctbfcha_afil,fctbfcha_afil_dcto",DOCUMENTACIONAFILIADO_TYPE,TIPOUNIFICACION,,
documentacionAfiliadoType,"fctbafil_auto_docs,fctbafil_unif,fctbcart_rpag,fctbfcha_afil,fctbfcha_afil_dcto",DOCUMENTACIONAFILIADO_TYPE,CODIGOINSTITUCION,,
documentacionAfiliadoType,"fctbafil_auto_docs,fctbafil_unif,fctbcart_rpag,fctbfcha_afil,fctbfcha_afil_dcto",DOCUMENTACIONAFILIADO_TYPE,FECHAFIRMACARTA,,
documentacionAfiliadoType,"fctbafil_auto_docs,fctbafil_unif,fctbcart_rpag,fctbfcha_afil,fctbfcha_afil_dcto",DOCUMENTACIONAFILIADO_TYPE,INDICADORDESCUENTOROL,,
documentacionAfiliadoType,"fctbafil_auto_docs,fctbafil_unif,fctbcart_rpag,fctbfcha_afil,fctbfcha_afil_dcto",DOCUMENTACIONAFILIADO_TYPE,MONTODESCUENTO,,
documentacionAfiliadoType,"fctbafil_auto_docs,fctbafil_unif,fctbcart_rpag,fctbfcha_afil,fctbfcha_afil_dcto",DOCUMENTACIONAFILIADO_TYPE,CODIGOTIPODOCUMENTO,,
documentacionAfiliadoType,"fctbafil_auto_docs,fctbafil_unif,fctbcart_rpag,fctbfcha_afil,fctbfcha_afil_dcto",DOCUMENTACIONAFILIADO_TYPE,FECHADOCUMENTO,,
documentacionAfiliadoType,"fctbafil_auto_docs,fctbafil_unif,fctbcart_rpag,fctbfcha_afil,fctbfcha_afil_dcto",DOCUMENTACIONAFILIADO_TYPE,ESTADO,,
documentacionAfiliadoType,"fctbafil_auto_docs,fctbafil_unif,fctbcart_rpag,fctbfcha_afil,fctbfcha_afil_dcto",DOCUMENTACIONAFILIADO_TYPE,FECHAINGRESO,,
documentacionAfiliadoType,"fctbafil_auto_docs,fctbafil_unif,fctbcart_rpag,fctbfcha_afil,fctbfcha_afil_dcto",DOCUMENTACIONAFILIADO_TYPE,INGRESOEGRESO,,
documentacionAfiliadoType,"fctbafil_auto_docs,fctbafil_unif,fctbcart_rpag,fctbfcha_afil,fctbfcha_afil_dcto",DOCUMENTACIONAFILIADO_TYPE,CODIGOTIPOINGRESOEGRESO,,
documentacionAfiliadoType,"fctbafil_auto_docs,fctbafil_unif,fctbcart_rpag,fctbfcha_afil,fctbfcha_afil_dcto",DOCUMENTACIONAFILIADO_TYPE,SECUENCIAINGRESOEGRESO,,
documentacionAfiliadoType,"fctbafil_auto_docs,fctbafil_unif,fctbcart_rpag,fctbfcha_afil,fctbfcha_afil_dcto",DOCUMENTACIONAFILIADO_TYPE,MONTOMENSUAL,,
documentacionAfiliadoType,"fctbafil_auto_docs,fctbafil_unif,fctbcart_rpag,fctbfcha_afil,fctbfcha_afil_dcto",DOCUMENTACIONAFILIADO_TYPE,FIJO,,
documentacionAfiliadoType,"fctbafil_auto_docs,fctbafil_unif,fctbcart_rpag,fctbfcha_afil,fctbfcha_afil_dcto",DOCUMENTACIONAFILIADO_TYPE,CODIGOEMPRESA,,
documentacionAfiliadoType,"fctbafil_auto_docs,fctbafil_unif,fctbcart_rpag,fctbfcha_afil,fctbfcha_afil_dcto",DOCUMENTACIONAFILIADO_TYPE,FECHAELIMINACION,,
documentacionAfiliadoType,"fctbafil_auto_docs,fctbafil_unif,fctbcart_rpag,fctbfcha_afil,fctbfcha_afil_dcto",DOCUMENTACIONAFILIADO_TYPE,VIAAUTORIZACIONTRATAMIENTODATOS,,
documentacionAfiliadoType,"fctbafil_auto_docs,fctbafil_unif,fctbcart_rpag,fctbfcha_afil,fctbfcha_afil_dcto",DOCUMENTACIONAFILIADO_TYPE,CODIGOUSUARIOCREA,,
documentacionAfiliadoType,"fctbafil_auto_docs,fctbafil_unif,fctbcart_rpag,fctbfcha_afil,fctbfcha_afil_dcto",DOCUMENTACIONAFILIADO_TYPE,USUARIOELIMINA,,
documentacionAfiliadoType,"fctbafil_auto_docs,fctbafil_unif,fctbcart_rpag,fctbfcha_afil,fctbfcha_afil_dcto",DOCUMENTACIONAFILIADO_TYPE,NUMEROCEDULARECIBECOREO,,
documentacionAfiliadoType,"fctbafil_auto_docs,fctbafil_unif,fctbcart_rpag,fctbfcha_afil,fctbfcha_afil_dcto",DOCUMENTACIONAFILIADO_TYPE,SECUENCIAREACTIVACIONPARTICIPE,,
documentacionAfiliadoType,"fctbafil_auto_docs,fctbafil_unif,fctbcart_rpag,fctbfcha_afil,fctbfcha_afil_dcto",DOCUMENTACIONAFILIADO_TYPE,INDICADORVERIFICACION,,
documentacionAfiliadoType,"fctbafil_auto_docs,fctbafil_unif,fctbcart_rpag,fctbfcha_afil,fctbfcha_afil_dcto",DOCUMENTACIONAFILIADO_TYPE,USUARIOINGRESA,,
documentacionAfiliadoType,"fctbafil_auto_docs,fctbafil_unif,fctbcart_rpag,fctbfcha_afil,fctbfcha_afil_dcto",DOCUMENTACIONAFILIADO_TYPE,CODIGOUSUARIOPROCESO,,
documentacionAfiliadoType,"fctbafil_auto_docs,fctbafil_unif,fctbcart_rpag,fctbfcha_afil,fctbfcha_afil_dcto",DOCUMENTACIONAFILIADO_TYPE,CEDULAPROMOTORPORPROCESO,,
documentacionAfiliadoType,"fctbafil_auto_docs,fctbafil_unif,fctbcart_rpag,fctbfcha_afil,fctbfcha_afil_dcto",DOCUMENTACIONAFILIADO_TYPE,TIPOPROCESO,,
documentacionAfiliadoType,"fctbafil_auto_docs,fctbafil_unif,fctbcart_rpag,fctbfcha_afil,fctbfcha_afil_dcto",DOCUMENTACIONAFILIADO_TYPE,CODIGOFONDO,,
documentacionAfiliadoType,"fctbafil_auto_docs,fctbafil_unif,fctbcart_rpag,fctbfcha_afil,fctbfcha_afil_dcto",DOCUMENTACIONAFILIADO_TYPE,CODIGOPROCESO,,
documentacionAfiliadoType,"fctbafil_auto_docs,fctbafil_unif,fctbcart_rpag,fctbfcha_afil,fctbfcha_afil_dcto",DOCUMENTACIONAFILIADO_TYPE,CODIGOFORMADESCUENTO,,
documentacionAfiliadoType,"fctbafil_auto_docs,fctbafil_unif,fctbcart_rpag,fctbfcha_afil,fctbfcha_afil_dcto",DOCUMENTACIONAFILIADO_TYPE,CODIGOTIPOSEGUIMIENTO,,
documentacionAfiliadoType,"fctbafil_auto_docs,fctbafil_unif,fctbcart_rpag,fctbfcha_afil,fctbfcha_afil_dcto",DOCUMENTACIONAFILIADO_TYPE,FECHACREACION,,
documentacionAfiliadoType,"fctbafil_auto_docs,fctbafil_unif,fctbcart_rpag,fctbfcha_afil,fctbfcha_afil_dcto",DOCUMENTACIONAFILIADO_TYPE,USUARIOMODIFICA,,
documentacionAfiliadoType,"fctbafil_auto_docs,fctbafil_unif,fctbcart_rpag,fctbfcha_afil,fctbfcha_afil_dcto",DOCUMENTACIONAFILIADO_TYPE,FECHAMODIFICACION,,
documentacionAfiliadoType,"fctbafil_auto_docs,fctbafil_unif,fctbcart_rpag,fctbfcha_afil,fctbfcha_afil_dcto",DOCUMENTACIONAFILIADO_TYPE,CEDULAEJECUTIVOS,,
documentacionAfiliadoType,"fctbafil_auto_docs,fctbafil_unif,fctbcart_rpag,fctbfcha_afil,fctbfcha_afil_dcto",DOCUMENTACIONAFILIADO_TYPE,POSEECARTAANTIGUAAFILIACION,,
documentacionAfiliadoType,"fctbafil_auto_docs,fctbafil_unif,fctbcart_rpag,fctbfcha_afil,fctbfcha_afil_dcto",DOCUMENTACIONAFILIADO_TYPE,SECUENCIAFICHAAFILIACION,,
firmanteParticipeType,sfct_firmante,FIRMANTEPARTICIPE_TYPE,CODIGOEMPRESA,,
firmanteParticipeType,sfct_firmante,FIRMANTEPARTICIPE_TYPE,CODIGOINSTITUCION,,
firmanteParticipeType,sfct_firmante,FIRMANTEPARTICIPE_TYPE,NOFIRMANTE,no_firmante,
firmanteParticipeType,sfct_firmante,FIRMANTEPARTICIPE_TYPE,NUMEROCEDULA,,
firmanteParticipeType,sfct_firmante,FIRMANTEPARTICIPE_TYPE,SECUENCIAFIRMANTE,,
firmanteParticipeType,sfct_firmante,FIRMANTEPARTICIPE_TYPE,TIPOINSTITUCION,,
grupoFamiliarType,sfct_grupo_fami,GRUPOFAMILIAR_TYPE,APELLIDOSGRUPOFAMILIAR,,
grupoFamiliarType,sfct_grupo_fami,GRUPOFAMILIAR_TYPE,CEDULAFAMILIAR,ci_cedula_familiar,
grupoFamiliarType,sfct_grupo_fami,GRUPOFAMILIAR_TYPE,CODIGOUSUARIOINGRESOREGISTRO,,
grupoFamiliarType,sfct_grupo_fami,GRUPOFAMILIAR_TYPE,CODIGOUSUARIOMODIFICOREGISTRO,,
grupoFamiliarType,sfct_grupo_fami,GRUPOFAMILIAR_TYPE,ESTADOFAMILIAR,,
grupoFamiliarType,sfct_grupo_fami,GRUPOFAMILIAR_TYPE,FECHACREACIONREGISTRO,,
grupoFamiliarType,sfct_grupo_fami,GRUPOFAMILIAR_TYPE,FECHAMODIFICACION,,
grupoFamiliarType,sfct_grupo_fami,GRUPOFAMILIAR_TYPE,FECHANACIMIENTO,,
grupoFamiliarType,sfct_grupo_fami,GRUPOFAMILIAR_TYPE,INDICADORDISCAPACIDAD,,
grupoFamiliarType,sfct_grupo_fami,GRUPOFAMILIAR_TYPE,NOMBRESGRUPOFAMILIAR,,
grupoFamiliarType,sfct_grupo_fami,GRUPOFAMILIAR_TYPE,TIPOCREDITO,,
grupoFamiliarType,sfct_grupo_fami,GRUPOFAMILIAR_TYPE,TIPOREALCIONFAMILIAR,,
grupoFamiliarType,sfct_grupo_fami,GRUPOFAMILIAR_TYPE,NUMEROCEDULA,,
informacionAdicionalAfiliadoType,"fctbactv_suje_cred,fctbafil_dcap,fctbafil_gast_pers,fctbafil_info_adic,sfct_afiliado_fondos",INFORMACIONADICIONALAFILIADO_TYPE,CODIGOGENERO,,
informacionAdicionalAfiliadoType,"fctbactv_suje_cred,fctbafil_dcap,fctbafil_gast_pers,fctbafil_info_adic,sfct_afiliado_fondos",INFORMACIONADICIONALAFILIADO_TYPE,DESCRIPCIONGENERO,,
informacionAdicionalAfiliadoType,"fctbactv_suje_cred,fctbafil_dcap,fctbafil_gast_pers,fctbafil_info_adic,sfct_afiliado_fondos",INFORMACIONADICIONALAFILIADO_TYPE,ESTADOGENERO,,
informacionAdicionalAfiliadoType,"fctbactv_suje_cred,fctbafil_dcap,fctbafil_gast_pers,fctbafil_info_adic,sfct_afiliado_fondos",INFORMACIONADICIONALAFILIADO_TYPE,SECUENCIAREGISTRO,,
informacionAdicionalAfiliadoType,"fctbactv_suje_cred,fctbafil_dcap,fctbafil_gast_pers,fctbafil_info_adic,sfct_afiliado_fondos",INFORMACIONADICIONALAFILIADO_TYPE,CODIGOPRODUCTO,,
informacionAdicionalAfiliadoType,"fctbactv_suje_cred,fctbafil_dcap,fctbafil_gast_pers,fctbafil_info_adic,sfct_afiliado_fondos",INFORMACIONADICIONALAFILIADO_TYPE,ESTADODESCUENTO,,
informacionAdicionalAfiliadoType,"fctbactv_suje_cred,fctbafil_dcap,fctbafil_gast_pers,fctbafil_info_adic,sfct_afiliado_fondos",INFORMACIONADICIONALAFILIADO_TYPE,FECHACREACION,,
informacionAdicionalAfiliadoType,"fctbactv_suje_cred,fctbafil_dcap,fctbafil_gast_pers,fctbafil_info_adic,sfct_afiliado_fondos",INFORMACIONADICIONALAFILIADO_TYPE,FECHAELIMINACION,,
informacionAdicionalAfiliadoType,"fctbactv_suje_cred,fctbafil_dcap,fctbafil_gast_pers,fctbafil_info_adic,sfct_afiliado_fondos",INFORMACIONADICIONALAFILIADO_TYPE,FECHAMODIFICACION,,
informacionAdicionalAfiliadoType,"fctbactv_suje_cred,fctbafil_dcap,fctbafil_gast_pers,fctbafil_info_adic,sfct_afiliado_fondos",INFORMACIONADICIONALAFILIADO_TYPE,NUMEROCEDULA,,
informacionAdicionalAfiliadoType,"fctbactv_suje_cred,fctbafil_dcap,fctbafil_gast_pers,fctbafil_info_adic,sfct_afiliado_fondos",INFORMACIONADICIONALAFILIADO_TYPE,ROLFINDESCUENTO,,
informacionAdicionalAfiliadoType,"fctbactv_suje_cred,fctbafil_dcap,fctbafil_gast_pers,fctbafil_info_adic,sfct_afiliado_fondos",INFORMACIONADICIONALAFILIADO_TYPE,ROLINICIODESCUENTO,,
informacionAdicionalAfiliadoType,"fctbactv_suje_cred,fctbafil_dcap,fctbafil_gast_pers,fctbafil_info_adic,sfct_afiliado_fondos",INFORMACIONADICIONALAFILIADO_TYPE,SECUENCIADESCUENTOCAP,,
informacionAdicionalAfiliadoType,"fctbactv_suje_cred,fctbafil_dcap,fctbafil_gast_pers,fctbafil_info_adic,sfct_afiliado_fondos",INFORMACIONADICIONALAFILIADO_TYPE,TIPODESCUENTOCAP,,
informacionAdicionalAfiliadoType,"fctbactv_suje_cred,fctbafil_dcap,fctbafil_gast_pers,fctbafil_info_adic,sfct_afiliado_fondos",INFORMACIONADICIONALAFILIADO_TYPE,USUARIOELIMINA,,
informacionAdicionalAfiliadoType,"fctbactv_suje_cred,fctbafil_dcap,fctbafil_gast_pers,fctbafil_info_adic,sfct_afiliado_fondos",INFORMACIONADICIONALAFILIADO_TYPE,USUARIOINGRESA,,
informacionAdicionalAfiliadoType,"fctbactv_suje_cred,fctbafil_dcap,fctbafil_gast_pers,fctbafil_info_adic,sfct_afiliado_fondos",INFORMACIONADICIONALAFILIADO_TYPE,USUARIOMODIFICA,,
informacionAdicionalAfiliadoType,"fctbactv_suje_cred,fctbafil_dcap,fctbafil_gast_pers,fctbafil_info_adic,sfct_afiliado_fondos",INFORMACIONADICIONALAFILIADO_TYPE,VALORDESCUENTO,,
informacionAdicionalAfiliadoType,"fctbactv_suje_cred,fctbafil_dcap,fctbafil_gast_pers,fctbafil_info_adic,sfct_afiliado_fondos",INFORMACIONADICIONALAFILIADO_TYPE,CODIGOELEMENTOFINANCIERO,,
informacionAdicionalAfiliadoType,"fctbactv_suje_cred,fctbafil_dcap,fctbafil_gast_pers,fctbafil_info_adic,sfct_afiliado_fondos",INFORMACIONADICIONALAFILIADO_TYPE,CODIGOEMPRESA,,
informacionAdicionalAfiliadoType,"fctbactv_suje_cred,fctbafil_dcap,fctbafil_gast_pers,fctbafil_info_adic,sfct_afiliado_fondos",INFORMACIONADICIONALAFILIADO_TYPE,MONTOMONETARIOCUENTAENMENCION,,
informacionAdicionalAfiliadoType,"fctbactv_suje_cred,fctbafil_dcap,fctbafil_gast_pers,fctbafil_info_adic,sfct_afiliado_fondos",INFORMACIONADICIONALAFILIADO_TYPE,CODIGOAREALABORAL,,
informacionAdicionalAfiliadoType,"fctbactv_suje_cred,fctbafil_dcap,fctbafil_gast_pers,fctbafil_info_adic,sfct_afiliado_fondos",INFORMACIONADICIONALAFILIADO_TYPE,CODIGODISTRITOAMIE,,
informacionAdicionalAfiliadoType,"fctbactv_suje_cred,fctbafil_dcap,fctbafil_gast_pers,fctbafil_info_adic,sfct_afiliado_fondos",INFORMACIONADICIONALAFILIADO_TYPE,CODIGODISTRITOMINS,,
informacionAdicionalAfiliadoType,"fctbactv_suje_cred,fctbafil_dcap,fctbafil_gast_pers,fctbafil_info_adic,sfct_afiliado_fondos",INFORMACIONADICIONALAFILIADO_TYPE,CODIGOPAISNACIONALIDAD,,
informacionAdicionalAfiliadoType,"fctbactv_suje_cred,fctbafil_dcap,fctbafil_gast_pers,fctbafil_info_adic,sfct_afiliado_fondos",INFORMACIONADICIONALAFILIADO_TYPE,DESCRIPCIONCALLEPRINCIPAL,,
informacionAdicionalAfiliadoType,"fctbactv_suje_cred,fctbafil_dcap,fctbafil_gast_pers,fctbafil_info_adic,sfct_afiliado_fondos",INFORMACIONADICIONALAFILIADO_TYPE,DESCRIPCIONCALLESECUNDARIA,,
informacionAdicionalAfiliadoType,"fctbactv_suje_cred,fctbafil_dcap,fctbafil_gast_pers,fctbafil_info_adic,sfct_afiliado_fondos",INFORMACIONADICIONALAFILIADO_TYPE,DESCRIPCIONVIVIENDA,,
informacionAdicionalAfiliadoType,"fctbactv_suje_cred,fctbafil_dcap,fctbafil_gast_pers,fctbafil_info_adic,sfct_afiliado_fondos",INFORMACIONADICIONALAFILIADO_TYPE,INDICADORCORRECCIONCEDULA,,
informacionAdicionalAfiliadoType,"fctbactv_suje_cred,fctbafil_dcap,fctbafil_gast_pers,fctbafil_info_adic,sfct_afiliado_fondos",INFORMACIONADICIONALAFILIADO_TYPE,NOMBRECONTACTOADICIONAL,,
informacionAdicionalAfiliadoType,"fctbactv_suje_cred,fctbafil_dcap,fctbafil_gast_pers,fctbafil_info_adic,sfct_afiliado_fondos",INFORMACIONADICIONALAFILIADO_TYPE,NUMEROCALLEPRINCIPAL,,
informacionAdicionalAfiliadoType,"fctbactv_suje_cred,fctbafil_dcap,fctbafil_gast_pers,fctbafil_info_adic,sfct_afiliado_fondos",INFORMACIONADICIONALAFILIADO_TYPE,NUMEROCALLESECUNDARIA,,
informacionAdicionalAfiliadoType,"fctbactv_suje_cred,fctbafil_dcap,fctbafil_gast_pers,fctbafil_info_adic,sfct_afiliado_fondos",INFORMACIONADICIONALAFILIADO_TYPE,NUMEROMANZANA,,
informacionAdicionalAfiliadoType,"fctbactv_suje_cred,fctbafil_dcap,fctbafil_gast_pers,fctbafil_info_adic,sfct_afiliado_fondos",INFORMACIONADICIONALAFILIADO_TYPE,NUMEROVILLA,,
informacionAdicionalAfiliadoType,"fctbactv_suje_cred,fctbafil_dcap,fctbafil_gast_pers,fctbafil_info_adic,sfct_afiliado_fondos",INFORMACIONADICIONALAFILIADO_TYPE,TELEFONOCONTACTO1,,
informacionAdicionalAfiliadoType,"fctbactv_suje_cred,fctbafil_dcap,fctbafil_gast_pers,fctbafil_info_adic,sfct_afiliado_fondos",INFORMACIONADICIONALAFILIADO_TYPE,TELEFONOCONTACTO2,,
informacionAdicionalAfiliadoType,"fctbactv_suje_cred,fctbafil_dcap,fctbafil_gast_pers,fctbafil_info_adic,sfct_afiliado_fondos",INFORMACIONADICIONALAFILIADO_TYPE,TIPOJORNADA,,
informacionAdicionalAfiliadoType,"fctbactv_suje_cred,fctbafil_dcap,fctbafil_gast_pers,fctbafil_info_adic,sfct_afiliado_fondos",INFORMACIONADICIONALAFILIADO_TYPE,TIPOOPERADORACELULAR,,
informacionAdicionalAfiliadoType,"fctbactv_suje_cred,fctbafil_dcap,fctbafil_gast_pers,fctbafil_info_adic,sfct_afiliado_fondos",INFORMACIONADICIONALAFILIADO_TYPE,TIPORELACION,,
informacionAdicionalAfiliadoType,"fctbactv_suje_cred,fctbafil_dcap,fctbafil_gast_pers,fctbafil_info_adic,sfct_afiliado_fondos",INFORMACIONADICIONALAFILIADO_TYPE,CODIGOFONDO,,
informacionAdicionalAfiliadoType,"fctbactv_suje_cred,fctbafil_dcap,fctbafil_gast_pers,fctbafil_info_adic,sfct_afiliado_fondos",INFORMACIONADICIONALAFILIADO_TYPE,ESTADOAFILIADO,,
informacionAdicionalAfiliadoType,"fctbactv_suje_cred,fctbafil_dcap,fctbafil_gast_pers,fctbafil_info_adic,sfct_afiliado_fondos",INFORMACIONADICIONALAFILIADO_TYPE,FECHAINGRESOMAGISTERIO,,
informacionAdicionalAfiliadoType,"fctbactv_suje_cred,fctbafil_dcap,fctbafil_gast_pers,fctbafil_info_adic,sfct_afiliado_fondos",INFORMACIONADICIONALAFILIADO_TYPE,FECHAREINGRESOFCME,,
informacionAdicionalAfiliadoType,"fctbactv_suje_cred,fctbafil_dcap,fctbafil_gast_pers,fctbafil_info_adic,sfct_afiliado_fondos",INFORMACIONADICIONALAFILIADO_TYPE,FECHARETIROFCME,,
informacionAdicionalAfiliadoType,"fctbactv_suje_cred,fctbafil_dcap,fctbafil_gast_pers,fctbafil_info_adic,sfct_afiliado_fondos",INFORMACIONADICIONALAFILIADO_TYPE,FECHAULTIMAIMPRESIONESTADOCUENTA,,
informacionAdicionalAfiliadoType,"fctbactv_suje_cred,fctbafil_dcap,fctbafil_gast_pers,fctbafil_info_adic,sfct_afiliado_fondos",INFORMACIONADICIONALAFILIADO_TYPE,INDICADORCOBROPRESTACION,,
informacionAdicionalAfiliadoType,"fctbactv_suje_cred,fctbafil_dcap,fctbafil_gast_pers,fctbafil_info_adic,sfct_afiliado_fondos",INFORMACIONADICIONALAFILIADO_TYPE,SALDOQUEPASOALHISTORICO,,
informacionAdicionalAfiliadoType,"fctbactv_suje_cred,fctbafil_dcap,fctbafil_gast_pers,fctbafil_info_adic,sfct_afiliado_fondos",INFORMACIONADICIONALAFILIADO_TYPE,SALDOTRANSFERENRCIAFONDO,,
institucionType,"fctbinst_info_adic,sfct_institucion",INSTITUCION_TYPE,CODIGOINSTITUCION,,
institucionType,"fctbinst_info_adic,sfct_institucion",INSTITUCION_TYPE,NOMBREINSTITUCION,,
institucionType,"fctbinst_info_adic,sfct_institucion",INSTITUCION_TYPE,RUCINSTITUCION,,
institucionType,"fctbinst_info_adic,sfct_institucion",INSTITUCION_TYPE,CODIGOTIPOINSTITUCION,,
institucionType,"fctbinst_info_adic,sfct_institucion",INSTITUCION_TYPE,CODIGOPROVINCIA,,
institucionType,"fctbinst_info_adic,sfct_institucion",INSTITUCION_TYPE,CODIGOCIUDAD,,
institucionType,"fctbinst_info_adic,sfct_institucion",INSTITUCION_TYPE,DIRECCION,no_direccion,
institucionType,"fctbinst_info_adic,sfct_institucion",INSTITUCION_TYPE,TELEFONO,nu_telefono,
institucionType,"fctbinst_info_adic,sfct_institucion",INSTITUCION_TYPE,REPRESENTANTELEGAL,,
institucionType,"fctbinst_info_adic,sfct_institucion",INSTITUCION_TYPE,CORREOELECTRONICO,,
institucionType,"fctbinst_info_adic,sfct_institucion",INSTITUCION_TYPE,ESTADO,ce_estado,
institucionType,"fctbinst_info_adic,sfct_institucion",INSTITUCION_TYPE,FECHAINGRESO,,
institucionType,"fctbinst_info_adic,sfct_institucion",INSTITUCION_TYPE,CODIGOCONVENIO,,
institucionType,"fctbinst_info_adic,sfct_institucion",INSTITUCION_TYPE,INDICADORDESCUENTOROL,,
institucionType,"fctbinst_info_adic,sfct_institucion",INSTITUCION_TYPE,CODIGOPARROQUIA,,
institucionType,"fctbinst_info_adic,sfct_institucion",INSTITUCION_TYPE,CODIGOAMIE,,
institucionType,"fctbinst_info_adic,sfct_institucion",INSTITUCION_TYPE,CODIGODISTRITO,,
institucionType,"fctbinst_info_adic,sfct_institucion",INSTITUCION_TYPE,CODIGOCIRCUITO,,
institucionType,"fctbinst_info_adic,sfct_institucion",INSTITUCION_TYPE,CODIGOSECTOR,,
institucionType,"fctbinst_info_adic,sfct_institucion",INSTITUCION_TYPE,TIPOSOSTENIMIENTO,,
institucionType,"fctbinst_info_adic,sfct_institucion",INSTITUCION_TYPE,NIVEL,ti_nivel,
institucionType,"fctbinst_info_adic,sfct_institucion",INSTITUCION_TYPE,JORNADACLASES,,
institucionType,"fctbinst_info_adic,sfct_institucion",INSTITUCION_TYPE,NUMEROPATRONAL,,
institucionType,"fctbinst_info_adic,sfct_institucion",INSTITUCION_TYPE,NUMERORUC,,
institucionType,"fctbinst_info_adic,sfct_institucion",INSTITUCION_TYPE,MAILINSTITUCION,,
institucionType,"fctbinst_info_adic,sfct_institucion",INSTITUCION_TYPE,NUMEROCUENTABANCOCENTRAL,,
institucionType,"fctbinst_info_adic,sfct_institucion",INSTITUCION_TYPE,INDICADORDESCUENTOBCE,,
institucionType,"fctbinst_info_adic,sfct_institucion",INSTITUCION_TYPE,INDICADORINSTITUCIONMUNICIPAL,,
institucionType,"fctbinst_info_adic,sfct_institucion",INSTITUCION_TYPE,NOMBRECOLECTOR,,
institucionType,"fctbinst_info_adic,sfct_institucion",INSTITUCION_TYPE,CEDULACOLECTOR,,
institucionType,"fctbinst_info_adic,sfct_institucion",INSTITUCION_TYPE,TELEFONOCOLECTOR,no_colector,
institucionType,"fctbinst_info_adic,sfct_institucion",INSTITUCION_TYPE,DIRECCIONCOLECTOR,no_direccion_colector,
institucionType,"fctbinst_info_adic,sfct_institucion",INSTITUCION_TYPE,PORCENTAJECAM,,
institucionType,"fctbinst_info_adic,sfct_institucion",INSTITUCION_TYPE,FECHAMODIFICACION,,
institucionType,"fctbinst_info_adic,sfct_institucion",INSTITUCION_TYPE,NUMEROTELEFONO,,
institucionType,"fctbinst_info_adic,sfct_institucion",INSTITUCION_TYPE,CODIGOPROVINCIACOLECTOR,,
institucionType,"fctbinst_info_adic,sfct_institucion",INSTITUCION_TYPE,CIUDADCOLECTOR,ci_ciudad_colector,
institucionType,"fctbinst_info_adic,sfct_institucion",INSTITUCION_TYPE,CODIGOPARROQUIACOLECTOR,,
institucionType,"fctbinst_info_adic,sfct_institucion",INSTITUCION_TYPE,NUMEROTELEFONOCOLECTOR,no_colector,
institucionType,"fctbinst_info_adic,sfct_institucion",INSTITUCION_TYPE,TIPODIRECCIONENTREGALISTADOS,,
institucionType,"fctbinst_info_adic,sfct_institucion",INSTITUCION_TYPE,TIPODIRECCIONPAGOS,,
institucionType,"fctbinst_info_adic,sfct_institucion",INSTITUCION_TYPE,INDICADORIMPRESIONESTADOCUENTA,,
institucionType,"fctbinst_info_adic,sfct_institucion",INSTITUCION_TYPE,CODIGOSEGUNELSINEC,,
institucionType,"fctbinst_info_adic,sfct_institucion",INSTITUCION_TYPE,USUARIOMODIFICA,,
institucionType,"fctbinst_info_adic,sfct_institucion",INSTITUCION_TYPE,EMAILCOLECTOR,,
institucionType,"fctbinst_info_adic,sfct_institucion",INSTITUCION_TYPE,DIRECCIONPROVINCIALQUECORRESPONDE,,
institucionType,"fctbinst_info_adic,sfct_institucion",INSTITUCION_TYPE,NUMEROUTE,,
institucionType,"fctbinst_info_adic,sfct_institucion",INSTITUCION_TYPE,NUMEROZONA,,
institucionType,"fctbinst_info_adic,sfct_institucion",INSTITUCION_TYPE,USUARIOINGRESA,,
institucionType,"fctbinst_info_adic,sfct_institucion",INSTITUCION_TYPE,TIENECONTRATOBCEPARARECAUDACION,,
institucionType,"fctbinst_info_adic,sfct_institucion",INSTITUCION_TYPE,FECHADIRMACONTRATO,,
institucionType,"fctbinst_info_adic,sfct_institucion",INSTITUCION_TYPE,INDICADORCONFIRMACIONBANCOCENTRAL,,
institucionType,"fctbinst_info_adic,sfct_institucion",INSTITUCION_TYPE,ROLACTUALIZACIONINSTITUCION,,
institucionType,"fctbinst_info_adic,sfct_institucion",INSTITUCION_TYPE,FECHAULTIMAACTUALIZACION,,
institucionType,"fctbinst_info_adic,sfct_institucion",INSTITUCION_TYPE,HORAULTIMAACTUALIZACION,,
institucionType,"fctbinst_info_adic,sfct_institucion",INSTITUCION_TYPE,CODIGOUNIDADEJECUTORA,,
institucionType,"fctbinst_info_adic,sfct_institucion",INSTITUCION_TYPE,NUMEROCUENTAROTATIVAINGRESO,,
institucionType,"fctbinst_info_adic,sfct_institucion",INSTITUCION_TYPE,TIPOCUENTAROTATIVAINGRESO,,
institucionType,"fctbinst_info_adic,sfct_institucion",INSTITUCION_TYPE,CODIGOBANCOCUENTAROTATIVAINGRESO,,
institucionType,"fctbinst_info_adic,sfct_institucion",INSTITUCION_TYPE,CODIGOEMPRESA,,
institucionType,"fctbinst_info_adic,sfct_institucion",INSTITUCION_TYPE,TIPOINSTITUCION,,
institucionType,"fctbinst_info_adic,sfct_institucion",INSTITUCION_TYPE,TELEFONOCONVENCIONALINSTITUCION,,
institucionType,"fctbinst_info_adic,sfct_institucion",INSTITUCION_TYPE,CEDULAREPRESENTANTE,,
institucionType,"fctbinst_info_adic,sfct_institucion",INSTITUCION_TYPE,NOMBREREPRESENTANTE,,
institucionType,"fctbinst_info_adic,sfct_institucion",INSTITUCION_TYPE,MAILREPRESENTANTE,,
institucionType,"fctbinst_info_adic,sfct_institucion",INSTITUCION_TYPE,TELEFONOREPRESENTANTE,,
institucionType,"fctbinst_info_adic,sfct_institucion",INSTITUCION_TYPE,TIPOACCESO,,
institucionType,"fctbinst_info_adic,sfct_institucion",INSTITUCION_TYPE,NUMERODOCENTE,,
institucionType,"fctbinst_info_adic,sfct_institucion",INSTITUCION_TYPE,NUMEROBONIFICACION,,
institucionType,"fctbinst_info_adic,sfct_institucion",INSTITUCION_TYPE,NUMEROADMINISTRADOR,,
institucionType,"fctbinst_info_adic,sfct_institucion",INSTITUCION_TYPE,NUMEROALUMNOS,,
institucionType,"fctbinst_info_adic,sfct_institucion",INSTITUCION_TYPE,CODIGOCIRCUITOMINISTERIOEDUCACION,,
institucionType,"fctbinst_info_adic,sfct_institucion",INSTITUCION_TYPE,CODIGODISTRITOMINISTERIOEDUCACION,,
institucionType,"fctbinst_info_adic,sfct_institucion",INSTITUCION_TYPE,CODIGOMODALIDAD,,
institucionType,"fctbinst_info_adic,sfct_institucion",INSTITUCION_TYPE,CODIGOETNIA,,
institucionType,"fctbinst_info_adic,sfct_institucion",INSTITUCION_TYPE,CODIGONACIONALIDAD,,
institucionType,"fctbinst_info_adic,sfct_institucion",INSTITUCION_TYPE,TIPOEDUCACIONMINISTERIOEDUCACION,,
institucionType,"fctbinst_info_adic,sfct_institucion",INSTITUCION_TYPE,CODIGOZONAMINISTERIOEDUCACION,,
institucionType,"fctbinst_info_adic,sfct_institucion",INSTITUCION_TYPE,UNIDADADMINISTRATIVACIRCUITAL,,
institucionType,"fctbinst_info_adic,sfct_institucion",INSTITUCION_TYPE,CODIGOMOTIVOMODIFICACIONINSTITUCION,,
institucionType,"fctbinst_info_adic,sfct_institucion",INSTITUCION_TYPE,CODIGOREGISTROESCOLAR,,
motivoContableType,sfct_motivo_cnta_cble,MOTIVOCONTABLE_TYPE,CODIGOEMPRESA,,
motivoContableType,sfct_motivo_cnta_cble,MOTIVOCONTABLE_TYPE,CODIGOFONDO,,
motivoContableType,sfct_motivo_cnta_cble,MOTIVOCONTABLE_TYPE,CUENTAAUTOMATICADEBE,,
motivoContableType,sfct_motivo_cnta_cble,MOTIVOCONTABLE_TYPE,CUENTAAUTOMATICAHABER,,
motivoContableType,sfct_motivo_cnta_cble,MOTIVOCONTABLE_TYPE,MOTIVO,ci_motivo,
motivoContableType,sfct_motivo_cnta_cble,MOTIVOCONTABLE_TYPE,RUBROROL,ci_rubro_rol,
motivoContableType,sfct_motivo_cnta_cble,MOTIVOCONTABLE_TYPE,TIPOTRANSACCION,ci_tipo_transaccion,
movimientoCuentaType,"fctbagru_moti_repo,fctbrubr_rent,sfct_afiliado,sfct_afiliado_referencias,sfct_banco,sfct_motivo,sfct_movimiento",MOVIMIENTOCUENTA_TYPE,CODIGOTIPOIDENTIFICACION,,
movimientoCuentaType,"fctbagru_moti_repo,fctbrubr_rent,sfct_afiliado,sfct_afiliado_referencias,sfct_banco,sfct_motivo,sfct_movimiento",MOVIMIENTOCUENTA_TYPE,IDENTIFICACION,,
movimientoCuentaType,"fctbagru_moti_repo,fctbrubr_rent,sfct_afiliado,sfct_afiliado_referencias,sfct_banco,sfct_motivo,sfct_movimiento",MOVIMIENTOCUENTA_TYPE,SECUENCIAMOVIMIENTO,,
movimientoCuentaType,"fctbagru_moti_repo,fctbrubr_rent,sfct_afiliado,sfct_afiliado_referencias,sfct_banco,sfct_motivo,sfct_movimiento",MOVIMIENTOCUENTA_TYPE,CODIGOTIPOMOVIMIENTO,,
movimientoCuentaType,"fctbagru_moti_repo,fctbrubr_rent,sfct_afiliado,sfct_afiliado_referencias,sfct_banco,sfct_motivo,sfct_movimiento",MOVIMIENTOCUENTA_TYPE,CODIGOMOTIVO,,
movimientoCuentaType,"fctbagru_moti_repo,fctbrubr_rent,sfct_afiliado,sfct_afiliado_referencias,sfct_banco,sfct_motivo,sfct_movimiento",MOVIMIENTOCUENTA_TYPE,FECHAMOVIMIENTO,,
movimientoCuentaType,"fctbagru_moti_repo,fctbrubr_rent,sfct_afiliado,sfct_afiliado_referencias,sfct_banco,sfct_motivo,sfct_movimiento",MOVIMIENTOCUENTA_TYPE,FECHAPROCESO,,
movimientoCuentaType,"fctbagru_moti_repo,fctbrubr_rent,sfct_afiliado,sfct_afiliado_referencias,sfct_banco,sfct_motivo,sfct_movimiento",MOVIMIENTOCUENTA_TYPE,MONTOMOVIMIENTO,,
movimientoCuentaType,"fctbagru_moti_repo,fctbrubr_rent,sfct_afiliado,sfct_afiliado_referencias,sfct_banco,sfct_motivo,sfct_movimiento",MOVIMIENTOCUENTA_TYPE,CODIGORUBRO,,
movimientoCuentaType,"fctbagru_moti_repo,fctbrubr_rent,sfct_afiliado,sfct_afiliado_referencias,sfct_banco,sfct_motivo,sfct_movimiento",MOVIMIENTOCUENTA_TYPE,CODIGOFONDO,,
movimientoCuentaType,"fctbagru_moti_repo,fctbrubr_rent,sfct_afiliado,sfct_afiliado_referencias,sfct_banco,sfct_motivo,sfct_movimiento",MOVIMIENTOCUENTA_TYPE,CODIGOCUENTACONTABLE,,
movimientoCuentaType,"fctbagru_moti_repo,fctbrubr_rent,sfct_afiliado,sfct_afiliado_referencias,sfct_banco,sfct_motivo,sfct_movimiento",MOVIMIENTOCUENTA_TYPE,DESCRIPCION,,
movimientoCuentaType,"fctbagru_moti_repo,fctbrubr_rent,sfct_afiliado,sfct_afiliado_referencias,sfct_banco,sfct_motivo,sfct_movimiento",MOVIMIENTOCUENTA_TYPE,CODIGOUSUARIO,,
movimientoCuentaType,"fctbagru_moti_repo,fctbrubr_rent,sfct_afiliado,sfct_afiliado_referencias,sfct_banco,sfct_motivo,sfct_movimiento",MOVIMIENTOCUENTA_TYPE,ESTADO,ce_estado,
movimientoCuentaType,"fctbagru_moti_repo,fctbrubr_rent,sfct_afiliado,sfct_afiliado_referencias,sfct_banco,sfct_motivo,sfct_movimiento",MOVIMIENTOCUENTA_TYPE,CUENTABANCARIA,,
movimientoCuentaType,"fctbagru_moti_repo,fctbrubr_rent,sfct_afiliado,sfct_afiliado_referencias,sfct_banco,sfct_motivo,sfct_movimiento",MOVIMIENTOCUENTA_TYPE,CUENTABANCODESTINO,,
movimientoCuentaType,"fctbagru_moti_repo,fctbrubr_rent,sfct_afiliado,sfct_afiliado_referencias,sfct_banco,sfct_motivo,sfct_movimiento",MOVIMIENTOCUENTA_TYPE,TIPOPAGO,,
movimientoCuentaType,"fctbagru_moti_repo,fctbrubr_rent,sfct_afiliado,sfct_afiliado_referencias,sfct_banco,sfct_motivo,sfct_movimiento",MOVIMIENTOCUENTA_TYPE,NOMBREBENEFICIARIOPAGO,,
movimientoCuentaType,"fctbagru_moti_repo,fctbrubr_rent,sfct_afiliado,sfct_afiliado_referencias,sfct_banco,sfct_motivo,sfct_movimiento",MOVIMIENTOCUENTA_TYPE,TIPOCUENTA,,
movimientoCuentaType,"fctbagru_moti_repo,fctbrubr_rent,sfct_afiliado,sfct_afiliado_referencias,sfct_banco,sfct_motivo,sfct_movimiento",MOVIMIENTOCUENTA_TYPE,TIPOTRANSACCION,ci_tipo_transaccion,
movimientoCuentaType,"fctbagru_moti_repo,fctbrubr_rent,sfct_afiliado,sfct_afiliado_referencias,sfct_banco,sfct_motivo,sfct_movimiento",MOVIMIENTOCUENTA_TYPE,CODIGOINSTITUCION,,
movimientoCuentaType,"fctbagru_moti_repo,fctbrubr_rent,sfct_afiliado,sfct_afiliado_referencias,sfct_banco,sfct_motivo,sfct_movimiento",MOVIMIENTOCUENTA_TYPE,CODIGOROL,,
movimientoCuentaType,"fctbagru_moti_repo,fctbrubr_rent,sfct_afiliado,sfct_afiliado_referencias,sfct_banco,sfct_motivo,sfct_movimiento",MOVIMIENTOCUENTA_TYPE,CODIGOMOTIVORETIRO,,
movimientoCuentaType,"fctbagru_moti_repo,fctbrubr_rent,sfct_afiliado,sfct_afiliado_referencias,sfct_banco,sfct_motivo,sfct_movimiento",MOVIMIENTOCUENTA_TYPE,FECHAINICIOAJUSTE,,
movimientoCuentaType,"fctbagru_moti_repo,fctbrubr_rent,sfct_afiliado,sfct_afiliado_referencias,sfct_banco,sfct_motivo,sfct_movimiento",MOVIMIENTOCUENTA_TYPE,FECHAFINAJUSTE,,
movimientoCuentaType,"fctbagru_moti_repo,fctbrubr_rent,sfct_afiliado,sfct_afiliado_referencias,sfct_banco,sfct_motivo,sfct_movimiento",MOVIMIENTOCUENTA_TYPE,FECHARETIROFCME,,
movimientoCuentaType,"fctbagru_moti_repo,fctbrubr_rent,sfct_afiliado,sfct_afiliado_referencias,sfct_banco,sfct_motivo,sfct_movimiento",MOVIMIENTOCUENTA_TYPE,PORCENTAJEDISTRIBUCIONVALORES,,
movimientoCuentaType,"fctbagru_moti_repo,fctbrubr_rent,sfct_afiliado,sfct_afiliado_referencias,sfct_banco,sfct_motivo,sfct_movimiento",MOVIMIENTOCUENTA_TYPE,SALDOANTERIOR,va_saldo_anterior,
movimientoCuentaType,"fctbagru_moti_repo,fctbrubr_rent,sfct_afiliado,sfct_afiliado_referencias,sfct_banco,sfct_motivo,sfct_movimiento",MOVIMIENTOCUENTA_TYPE,FECHACREACIONREGISTRO,,
movimientoCuentaType,"fctbagru_moti_repo,fctbrubr_rent,sfct_afiliado,sfct_afiliado_referencias,sfct_banco,sfct_motivo,sfct_movimiento",MOVIMIENTOCUENTA_TYPE,INDICADORMOVIMIENTOCAPITALIZADO,,
movimientoCuentaType,"fctbagru_moti_repo,fctbrubr_rent,sfct_afiliado,sfct_afiliado_referencias,sfct_banco,sfct_motivo,sfct_movimiento",MOVIMIENTOCUENTA_TYPE,HORAGENERACIONMOVIMIENTO,,
movimientoCuentaType,"fctbagru_moti_repo,fctbrubr_rent,sfct_afiliado,sfct_afiliado_referencias,sfct_banco,sfct_motivo,sfct_movimiento",MOVIMIENTOCUENTA_TYPE,TIPOCOMPROBANTECONTABLE,,
movimientoCuentaType,"fctbagru_moti_repo,fctbrubr_rent,sfct_afiliado,sfct_afiliado_referencias,sfct_banco,sfct_motivo,sfct_movimiento",MOVIMIENTOCUENTA_TYPE,CODIGOPROVINCIA,,
movimientoCuentaType,"fctbagru_moti_repo,fctbrubr_rent,sfct_afiliado,sfct_afiliado_referencias,sfct_banco,sfct_motivo,sfct_movimiento",MOVIMIENTOCUENTA_TYPE,CODIGOPAGADOR,,
movimientoCuentaType,"fctbagru_moti_repo,fctbrubr_rent,sfct_afiliado,sfct_afiliado_referencias,sfct_banco,sfct_motivo,sfct_movimiento",MOVIMIENTOCUENTA_TYPE,CODIGOEMPRESA,,
movimientoTemporalType,sfct_movimiento_temp,MOVIMIENTOTEMPORAL_TYPE,CODIGOEMPRESA,,
movimientoTemporalType,sfct_movimiento_temp,MOVIMIENTOTEMPORAL_TYPE,CODIGOINSTITUCION,,
movimientoTemporalType,sfct_movimiento_temp,MOVIMIENTOTEMPORAL_TYPE,CODIGOMOTIVORETIRO,,
movimientoTemporalType,sfct_movimiento_temp,MOVIMIENTOTEMPORAL_TYPE,CODIGOPROVINCIA,,
movimientoTemporalType,sfct_movimiento_temp,MOVIMIENTOTEMPORAL_TYPE,CODIGOROL,,
movimientoTemporalType,sfct_movimiento_temp,MOVIMIENTOTEMPORAL_TYPE,CODIGOUSUARIOCONFIRMA,,
movimientoTemporalType,sfct_movimiento_temp,MOVIMIENTOTEMPORAL_TYPE,CODIGOUSUARIOVERIFICA,,
movimientoTemporalType,sfct_movimiento_temp,MOVIMIENTOTEMPORAL_TYPE,DESCRIPCIONMOVIMIENTO,,
movimientoTemporalType,sfct_movimiento_temp,MOVIMIENTOTEMPORAL_TYPE,ESTADOMOVIMIENTO,,
movimientoTemporalType,sfct_movimiento_temp,MOVIMIENTOTEMPORAL_TYPE,FECHAAUTORIZACION,,
movimientoTemporalType,sfct_movimiento_temp,MOVIMIENTOTEMPORAL_TYPE,FECHACREACIONREGISTRO,,
movimientoTemporalType,sfct_movimiento_temp,MOVIMIENTOTEMPORAL_TYPE,FECHAFINAJUSTE,,
movimientoTemporalType,sfct_movimiento_temp,MOVIMIENTOTEMPORAL_TYPE,FECHAINICIOAJUSTE,,
movimientoTemporalType,sfct_movimiento_temp,MOVIMIENTOTEMPORAL_TYPE,FECHAPROCESO,,
movimientoTemporalType,sfct_movimiento_temp,MOVIMIENTOTEMPORAL_TYPE,FECHARETIROFCME,,
movimientoTemporalType,sfct_movimiento_temp,MOVIMIENTOTEMPORAL_TYPE,FECHAVERIFICACION,,
movimientoTemporalType,sfct_movimiento_temp,MOVIMIENTOTEMPORAL_TYPE,HORAGENERACIONMOVIMIENTO,,
movimientoTemporalType,sfct_movimiento_temp,MOVIMIENTOTEMPORAL_TYPE,INDICADORMOVIMIENTOCAPITALIZADO,,
movimientoTemporalType,sfct_movimiento_temp,MOVIMIENTOTEMPORAL_TYPE,INDICADORMOVIMIENTOIMPRESO,,
movimientoTemporalType,sfct_movimiento_temp,MOVIMIENTOTEMPORAL_TYPE,INDICADORTIPOPROCESO,,
movimientoTemporalType,sfct_movimiento_temp,MOVIMIENTOTEMPORAL_TYPE,MOTIVO,ci_motivo,
movimientoTemporalType,sfct_movimiento_temp,MOVIMIENTOTEMPORAL_TYPE,NUMEROCEDULA,,
movimientoTemporalType,sfct_movimiento_temp,MOVIMIENTOTEMPORAL_TYPE,NUMEROCOMPROBANTECONTABLE,,
movimientoTemporalType,sfct_movimiento_temp,MOVIMIENTOTEMPORAL_TYPE,NUMEROTRANSACCION,,
movimientoTemporalType,sfct_movimiento_temp,MOVIMIENTOTEMPORAL_TYPE,CODIGOPAGADOR,,
movimientoTemporalType,sfct_movimiento_temp,MOVIMIENTOTEMPORAL_TYPE,PORCENTAJEDISTRIBUCIONVALORES,,
movimientoTemporalType,sfct_movimiento_temp,MOVIMIENTOTEMPORAL_TYPE,RUBROROL,ci_rubro_rol,
movimientoTemporalType,sfct_movimiento_temp,MOVIMIENTOTEMPORAL_TYPE,SALDOANTERIOR,va_saldo_anterior,
movimientoTemporalType,sfct_movimiento_temp,MOVIMIENTOTEMPORAL_TYPE,SECUENCIACARGAMOVIMIENTOSMASIVOS,,
movimientoTemporalType,sfct_movimiento_temp,MOVIMIENTOTEMPORAL_TYPE,SECUENCIAMOVIMIENTOND52,,
movimientoTemporalType,sfct_movimiento_temp,MOVIMIENTOTEMPORAL_TYPE,SECUENCIAROL,,
movimientoTemporalType,sfct_movimiento_temp,MOVIMIENTOTEMPORAL_TYPE,TIPOCOMPROBANTECONTABLE,,
movimientoTemporalType,sfct_movimiento_temp,MOVIMIENTOTEMPORAL_TYPE,TIPOINSTITUCION,,
movimientoTemporalType,sfct_movimiento_temp,MOVIMIENTOTEMPORAL_TYPE,TIPOTRANSACCION,ci_tipo_transaccion,
movimientoTemporalType,sfct_movimiento_temp,MOVIMIENTOTEMPORAL_TYPE,USUARIOINGRESA,,
movimientoTemporalType,sfct_movimiento_temp,MOVIMIENTOTEMPORAL_TYPE,VALORMOVIMIENTO,,
naturalInformacionAdicionalType,"fctbafil_info_actu_docs,notbcgfm,notbempl,sfct_afiliado,sfct_banco,sfct_beneficiario,sfct_ciudad,sfct_institucion",NATURALINFORMACIONADICIONALTYPE,CODIGOTIPOIDENTIFICACION,,
naturalInformacionAdicionalType,"fctbafil_info_actu_docs,notbcgfm,notbempl,sfct_afiliado,sfct_banco,sfct_beneficiario,sfct_ciudad,sfct_institucion",NATURALINFORMACIONADICIONALTYPE,IDENTIFICACION,,
naturalInformacionAdicionalType,"fctbafil_info_actu_docs,notbcgfm,notbempl,sfct_afiliado,sfct_banco,sfct_beneficiario,sfct_ciudad,sfct_institucion",NATURALINFORMACIONADICIONALTYPE,LICENCIACONDUCIR,,
naturalInformacionAdicionalType,"fctbafil_info_actu_docs,notbcgfm,notbempl,sfct_afiliado,sfct_banco,sfct_beneficiario,sfct_ciudad,sfct_institucion",NATURALINFORMACIONADICIONALTYPE,CODIGOTIPOIDENTIFICACIONADICIONAL,,
naturalInformacionAdicionalType,"fctbafil_info_actu_docs,notbcgfm,notbempl,sfct_afiliado,sfct_banco,sfct_beneficiario,sfct_ciudad,sfct_institucion",NATURALINFORMACIONADICIONALTYPE,IDENTIFICACIONADICIONAL,,
naturalInformacionAdicionalType,"fctbafil_info_actu_docs,notbcgfm,notbempl,sfct_afiliado,sfct_banco,sfct_beneficiario,sfct_ciudad,sfct_institucion",NATURALINFORMACIONADICIONALTYPE,CODIGOPAISNACIMIENTO,,
naturalInformacionAdicionalType,"fctbafil_info_actu_docs,notbcgfm,notbempl,sfct_afiliado,sfct_banco,sfct_beneficiario,sfct_ciudad,sfct_institucion",NATURALINFORMACIONADICIONALTYPE,CODIGOPROVINCIANACIMIENTO,,
naturalInformacionAdicionalType,"fctbafil_info_actu_docs,notbcgfm,notbempl,sfct_afiliado,sfct_banco,sfct_beneficiario,sfct_ciudad,sfct_institucion",NATURALINFORMACIONADICIONALTYPE,CODIGOCIUDADNACIMIENTO,,
naturalInformacionAdicionalType,"fctbafil_info_actu_docs,notbcgfm,notbempl,sfct_afiliado,sfct_banco,sfct_beneficiario,sfct_ciudad,sfct_institucion",NATURALINFORMACIONADICIONALTYPE,LUGARTRABAJO,,
naturalInformacionAdicionalType,"fctbafil_info_actu_docs,notbcgfm,notbempl,sfct_afiliado,sfct_banco,sfct_beneficiario,sfct_ciudad,sfct_institucion",NATURALINFORMACIONADICIONALTYPE,NUMEROCARGAS,,
naturalInformacionAdicionalType,"fctbafil_info_actu_docs,notbcgfm,notbempl,sfct_afiliado,sfct_banco,sfct_beneficiario,sfct_ciudad,sfct_institucion",NATURALINFORMACIONADICIONALTYPE,CODIGOPROFESION,,
naturalInformacionAdicionalType,"fctbafil_info_actu_docs,notbcgfm,notbempl,sfct_afiliado,sfct_banco,sfct_beneficiario,sfct_ciudad,sfct_institucion",NATURALINFORMACIONADICIONALTYPE,CODIGONIVELEDUCACION,,
naturalInformacionAdicionalType,"fctbafil_info_actu_docs,notbcgfm,notbempl,sfct_afiliado,sfct_banco,sfct_beneficiario,sfct_ciudad,sfct_institucion",NATURALINFORMACIONADICIONALTYPE,CODIGOFUENTEINGRESO,,
naturalInformacionAdicionalType,"fctbafil_info_actu_docs,notbcgfm,notbempl,sfct_afiliado,sfct_banco,sfct_beneficiario,sfct_ciudad,sfct_institucion",NATURALINFORMACIONADICIONALTYPE,MONTOVENTASESPERADO,,
naturalInformacionAdicionalType,"fctbafil_info_actu_docs,notbcgfm,notbempl,sfct_afiliado,sfct_banco,sfct_beneficiario,sfct_ciudad,sfct_institucion",NATURALINFORMACIONADICIONALTYPE,CANTIDADEMPLEADOS,,
naturalInformacionAdicionalType,"fctbafil_info_actu_docs,notbcgfm,notbempl,sfct_afiliado,sfct_banco,sfct_beneficiario,sfct_ciudad,sfct_institucion",NATURALINFORMACIONADICIONALTYPE,NEGOCIOPROPIO,,
naturalInformacionAdicionalType,"fctbafil_info_actu_docs,notbcgfm,notbempl,sfct_afiliado,sfct_banco,sfct_beneficiario,sfct_ciudad,sfct_institucion",NATURALINFORMACIONADICIONALTYPE,CODIGOBARRIONACIMIENTO,,
naturalInformacionAdicionalType,"fctbafil_info_actu_docs,notbcgfm,notbempl,sfct_afiliado,sfct_banco,sfct_beneficiario,sfct_ciudad,sfct_institucion",NATURALINFORMACIONADICIONALTYPE,OCUPACARGOPUBLICO,,
naturalInformacionAdicionalType,"fctbafil_info_actu_docs,notbcgfm,notbempl,sfct_afiliado,sfct_banco,sfct_beneficiario,sfct_ciudad,sfct_institucion",NATURALINFORMACIONADICIONALTYPE,RELACIONSECTORPUBLICO,,
naturalInformacionAdicionalType,"fctbafil_info_actu_docs,notbcgfm,notbempl,sfct_afiliado,sfct_banco,sfct_beneficiario,sfct_ciudad,sfct_institucion",NATURALINFORMACIONADICIONALTYPE,OBLIGADOCONTABILIDAD,,
naturalInformacionAdicionalType,"fctbafil_info_actu_docs,notbcgfm,notbempl,sfct_afiliado,sfct_banco,sfct_beneficiario,sfct_ciudad,sfct_institucion",NATURALINFORMACIONADICIONALTYPE,FECHAULTIMADECLARACION,,
naturalInformacionAdicionalType,"fctbafil_info_actu_docs,notbcgfm,notbempl,sfct_afiliado,sfct_banco,sfct_beneficiario,sfct_ciudad,sfct_institucion",NATURALINFORMACIONADICIONALTYPE,FECHAINICIONEGOCIO,,
naturalInformacionAdicionalType,"fctbafil_info_actu_docs,notbcgfm,notbempl,sfct_afiliado,sfct_banco,sfct_beneficiario,sfct_ciudad,sfct_institucion",NATURALINFORMACIONADICIONALTYPE,NUMEROCARGASESCOLARES,,
naturalInformacionAdicionalType,"fctbafil_info_actu_docs,notbcgfm,notbempl,sfct_afiliado,sfct_banco,sfct_beneficiario,sfct_ciudad,sfct_institucion",NATURALINFORMACIONADICIONALTYPE,DISCAPACITADO,,
naturalInformacionAdicionalType,"fctbafil_info_actu_docs,notbcgfm,notbempl,sfct_afiliado,sfct_banco,sfct_beneficiario,sfct_ciudad,sfct_institucion",NATURALINFORMACIONADICIONALTYPE,PORCENTAJEDISCAPACIDAD,,
naturalInformacionAdicionalType,"fctbafil_info_actu_docs,notbcgfm,notbempl,sfct_afiliado,sfct_banco,sfct_beneficiario,sfct_ciudad,sfct_institucion",NATURALINFORMACIONADICIONALTYPE,OBSERVACIONES,ds_observaciones,
naturalInformacionAdicionalType,"fctbafil_info_actu_docs,notbcgfm,notbempl,sfct_afiliado,sfct_banco,sfct_beneficiario,sfct_ciudad,sfct_institucion",NATURALINFORMACIONADICIONALTYPE,SEGUNDANACIONALIDAD,,
naturalInformacionAdicionalType,"fctbafil_info_actu_docs,notbcgfm,notbempl,sfct_afiliado,sfct_banco,sfct_beneficiario,sfct_ciudad,sfct_institucion",NATURALINFORMACIONADICIONALTYPE,CODIGOIMAGENFOTO,,
naturalInformacionBasicaType,"fctbafil_info_actu_docs,notbcgfm,notbempl,sfct_afiliado,sfct_beneficiario,sfct_ciudad",NATURALINFORMACIONBASICATYPE,CODIGOTIPOIDENTIFICACION,,
naturalInformacionBasicaType,"fctbafil_info_actu_docs,notbcgfm,notbempl,sfct_afiliado,sfct_beneficiario,sfct_ciudad",NATURALINFORMACIONBASICATYPE,IDENTIFICACION,,
naturalInformacionBasicaType,"fctbafil_info_actu_docs,notbcgfm,notbempl,sfct_afiliado,sfct_beneficiario,sfct_ciudad",NATURALINFORMACIONBASICATYPE,GENERO,,
naturalInformacionBasicaType,"fctbafil_info_actu_docs,notbcgfm,notbempl,sfct_afiliado,sfct_beneficiario,sfct_ciudad",NATURALINFORMACIONBASICATYPE,CODIGOESTADOCIVIL,,
naturalInformacionBasicaType,"fctbafil_info_actu_docs,notbcgfm,notbempl,sfct_afiliado,sfct_beneficiario,sfct_ciudad",NATURALINFORMACIONBASICATYPE,APELLIDOCASADA,,
naturalInformacionBasicaType,"fctbafil_info_actu_docs,notbcgfm,notbempl,sfct_afiliado,sfct_beneficiario,sfct_ciudad",NATURALINFORMACIONBASICATYPE,FECHANACIMIENTO,,
naturalInformacionBasicaType,"fctbafil_info_actu_docs,notbcgfm,notbempl,sfct_afiliado,sfct_beneficiario,sfct_ciudad",NATURALINFORMACIONBASICATYPE,TIPODOMICILIO,,
naturalInformacionBasicaType,"fctbafil_info_actu_docs,notbcgfm,notbempl,sfct_afiliado,sfct_beneficiario,sfct_ciudad",NATURALINFORMACIONBASICATYPE,EMANCIPADO,,
naturalInformacionBasicaType,"fctbafil_info_actu_docs,notbcgfm,notbempl,sfct_afiliado,sfct_beneficiario,sfct_ciudad",NATURALINFORMACIONBASICATYPE,HOMONIMIA,,
naturalInformacionBasicaType,"fctbafil_info_actu_docs,notbcgfm,notbempl,sfct_afiliado,sfct_beneficiario,sfct_ciudad",NATURALINFORMACIONBASICATYPE,FECHARESIDENCIA,,
naturalInformacionBasicaType,"fctbafil_info_actu_docs,notbcgfm,notbempl,sfct_afiliado,sfct_beneficiario,sfct_ciudad",NATURALINFORMACIONBASICATYPE,DEPENDENCIA,,
naturalInformacionBasicaType,"fctbafil_info_actu_docs,notbcgfm,notbempl,sfct_afiliado,sfct_beneficiario,sfct_ciudad",NATURALINFORMACIONBASICATYPE,CODIGOTIPOVIVIENDA,,
naturalInformacionBasicaType,"fctbafil_info_actu_docs,notbcgfm,notbempl,sfct_afiliado,sfct_beneficiario,sfct_ciudad",NATURALINFORMACIONBASICATYPE,CODIGOETNIA,,
naturalIngresosEgresosType,"sfct_afiliado_otros,sfct_afiliado_rubro",NATURALINGRESOSEGRESOSTYPE,CODIGOTIPOIDENTIFICACION,,
naturalIngresosEgresosType,"sfct_afiliado_otros,sfct_afiliado_rubro",NATURALINGRESOSEGRESOSTYPE,IDENTIFICACION,,
naturalIngresosEgresosType,"sfct_afiliado_otros,sfct_afiliado_rubro",NATURALINGRESOSEGRESOSTYPE,INGRESOEGRESO,,
naturalIngresosEgresosType,"sfct_afiliado_otros,sfct_afiliado_rubro",NATURALINGRESOSEGRESOSTYPE,CODIGOTIPOINGRESOEGRESO,,
naturalIngresosEgresosType,"sfct_afiliado_otros,sfct_afiliado_rubro",NATURALINGRESOSEGRESOSTYPE,SECUENCIAINGRESOEGRESO,,
naturalIngresosEgresosType,"sfct_afiliado_otros,sfct_afiliado_rubro",NATURALINGRESOSEGRESOSTYPE,MONTOMENSUAL,,
naturalIngresosEgresosType,"sfct_afiliado_otros,sfct_afiliado_rubro",NATURALINGRESOSEGRESOSTYPE,FIJO,,
naturalTrabajoType,"fctbafil_actu,sfct_afiliado",NATURALTRABAJOTYPE,CODIGOTIPOIDENTIFICACION,,
naturalTrabajoType,"fctbafil_actu,sfct_afiliado",NATURALTRABAJOTYPE,IDENTIFICACION,,
naturalTrabajoType,"fctbafil_actu,sfct_afiliado",NATURALTRABAJOTYPE,SECUENCIATRABAJO,,
naturalTrabajoType,"fctbafil_actu,sfct_afiliado",NATURALTRABAJOTYPE,CODIGOCARGOPERSONA,,
naturalTrabajoType,"fctbafil_actu,sfct_afiliado",NATURALTRABAJOTYPE,CODIGOCODIGOCARGO,,
naturalTrabajoType,"fctbafil_actu,sfct_afiliado",NATURALTRABAJOTYPE,FECHAINGRESOTRABAJO,,
naturalTrabajoType,"fctbafil_actu,sfct_afiliado",NATURALTRABAJOTYPE,FECHASALIDA,,
naturalTrabajoType,"fctbafil_actu,sfct_afiliado",NATURALTRABAJOTYPE,NOMBREEMPLEADOR,,
naturalTrabajoType,"fctbafil_actu,sfct_afiliado",NATURALTRABAJOTYPE,PROPIETARIO,,
naturalTrabajoType,"fctbafil_actu,sfct_afiliado",NATURALTRABAJOTYPE,TIPOCONTRATO,,
naturalTrabajoType,"fctbafil_actu,sfct_afiliado",NATURALTRABAJOTYPE,CARGOPUBLICO,,
naturalTrabajoType,"fctbafil_actu,sfct_afiliado",NATURALTRABAJOTYPE,SUELDO,va_sueldo,
naturalTrabajoType,"fctbafil_actu,sfct_afiliado",NATURALTRABAJOTYPE,CANTIDADEMPLEADOS,,
naturalTrabajoType,"fctbafil_actu,sfct_afiliado",NATURALTRABAJOTYPE,CODIGOCOCUPACION,,
naturalTrabajoType,"fctbafil_actu,sfct_afiliado",NATURALTRABAJOTYPE,TIEMPOPARCIAL,,
otrosIngresosAfiliadoType,"fctbotro_ingr_afil,fctbotro_ingr_cony",OTROSINGRESOSAFILIADO_TYPE,CODIGOROL,,
otrosIngresosAfiliadoType,"fctbotro_ingr_afil,fctbotro_ingr_cony",OTROSINGRESOSAFILIADO_TYPE,CODIGOCEDU,,
otrosIngresosAfiliadoType,"fctbotro_ingr_afil,fctbotro_ingr_cony",OTROSINGRESOSAFILIADO_TYPE,CODIGOOTROINGRRUBR,,
otrosIngresosAfiliadoType,"fctbotro_ingr_afil,fctbotro_ingr_cony",OTROSINGRESOSAFILIADO_TYPE,MONTORUBR,,
otrosIngresosAfiliadoType,"fctbotro_ingr_afil,fctbotro_ingr_cony",OTROSINGRESOSAFILIADO_TYPE,FECHAINGRESO,,
otrosIngresosAfiliadoType,"fctbotro_ingr_afil,fctbotro_ingr_cony",OTROSINGRESOSAFILIADO_TYPE,USUARIOINGRESA,,
otrosIngresosAfiliadoType,"fctbotro_ingr_afil,fctbotro_ingr_cony",OTROSINGRESOSAFILIADO_TYPE,FECHAMODIFICACION,,
otrosIngresosAfiliadoType,"fctbotro_ingr_afil,fctbotro_ingr_cony",OTROSINGRESOSAFILIADO_TYPE,USUARIOMODIFICA,,
otrosIngresosAfiliadoType,"fctbotro_ingr_afil,fctbotro_ingr_cony",OTROSINGRESOSAFILIADO_TYPE,FECHAELIMINACION,,
otrosIngresosAfiliadoType,"fctbotro_ingr_afil,fctbotro_ingr_cony",OTROSINGRESOSAFILIADO_TYPE,USUARIOELIMINA,,
otrosIngresosAfiliadoType,"fctbotro_ingr_afil,fctbotro_ingr_cony",OTROSINGRESOSAFILIADO_TYPE,DESCRIPCIONADIC,,
otrosIngresosAfiliadoType,"fctbotro_ingr_afil,fctbotro_ingr_cony",OTROSINGRESOSAFILIADO_TYPE,ESTADOREGISTRO,,
otrosIngresosAfiliadoType,"fctbotro_ingr_afil,fctbotro_ingr_cony",OTROSINGRESOSAFILIADO_TYPE,CODIGOROLOTROINGR,,
otrosIngresosAfiliadoType,"fctbotro_ingr_afil,fctbotro_ingr_cony",OTROSINGRESOSAFILIADO_TYPE,CODIGOCEDUOTROINGR,,
otrosIngresosAfiliadoType,"fctbotro_ingr_afil,fctbotro_ingr_cony",OTROSINGRESOSAFILIADO_TYPE,CODIGOCEDUCONY,,
otrosIngresosAfiliadoType,"fctbotro_ingr_afil,fctbotro_ingr_cony",OTROSINGRESOSAFILIADO_TYPE,CODIGOOTROINGRRUBROTROINGR,,
otrosIngresosAfiliadoType,"fctbotro_ingr_afil,fctbotro_ingr_cony",OTROSINGRESOSAFILIADO_TYPE,MONTORUBROTROINGR,,
otrosIngresosAfiliadoType,"fctbotro_ingr_afil,fctbotro_ingr_cony",OTROSINGRESOSAFILIADO_TYPE,FECHAINGRESOOTROINGR,,
otrosIngresosAfiliadoType,"fctbotro_ingr_afil,fctbotro_ingr_cony",OTROSINGRESOSAFILIADO_TYPE,USUARIOINGRESAOTROINGR,,
otrosIngresosAfiliadoType,"fctbotro_ingr_afil,fctbotro_ingr_cony",OTROSINGRESOSAFILIADO_TYPE,FECHAMODIFICACIONOTROINGR,,
otrosIngresosAfiliadoType,"fctbotro_ingr_afil,fctbotro_ingr_cony",OTROSINGRESOSAFILIADO_TYPE,USUARIOMODIFICAOTROINGR,,
otrosIngresosAfiliadoType,"fctbotro_ingr_afil,fctbotro_ingr_cony",OTROSINGRESOSAFILIADO_TYPE,FECHAELIMINACIONOTROINGR,,
otrosIngresosAfiliadoType,"fctbotro_ingr_afil,fctbotro_ingr_cony",OTROSINGRESOSAFILIADO_TYPE,USUARIOELIMINAOTROINGR,,
otrosIngresosAfiliadoType,"fctbotro_ingr_afil,fctbotro_ingr_cony",OTROSINGRESOSAFILIADO_TYPE,DESCRIPCIONADICOTROINGR,,
otrosIngresosAfiliadoType,"fctbotro_ingr_afil,fctbotro_ingr_cony",OTROSINGRESOSAFILIADO_TYPE,ESTADOREGISTROOTROINGR,,
personaDireccionesType,"cgtbprvd,fctbafil_info_actu_docs,fctbagen_mail,notbempl,sfct_afiliado,sfct_banco,sfct_ciudad,sfct_institucion",PERSONADIRECCIONESTYPE,CODIGOTIPOIDENTIFICACION,,
personaDireccionesType,"cgtbprvd,fctbafil_info_actu_docs,fctbagen_mail,notbempl,sfct_afiliado,sfct_banco,sfct_ciudad,sfct_institucion",PERSONADIRECCIONESTYPE,IDENTIFICACION,,
personaDireccionesType,"cgtbprvd,fctbafil_info_actu_docs,fctbagen_mail,notbempl,sfct_afiliado,sfct_banco,sfct_ciudad,sfct_institucion",PERSONADIRECCIONESTYPE,NUMERODIRECCION,,
personaDireccionesType,"cgtbprvd,fctbafil_info_actu_docs,fctbagen_mail,notbempl,sfct_afiliado,sfct_banco,sfct_ciudad,sfct_institucion",PERSONADIRECCIONESTYPE,CODIGOTIPODIRECCION,,
personaDireccionesType,"cgtbprvd,fctbafil_info_actu_docs,fctbagen_mail,notbempl,sfct_afiliado,sfct_banco,sfct_ciudad,sfct_institucion",PERSONADIRECCIONESTYPE,CODIGOPAIS,,
personaDireccionesType,"cgtbprvd,fctbafil_info_actu_docs,fctbagen_mail,notbempl,sfct_afiliado,sfct_banco,sfct_ciudad,sfct_institucion",PERSONADIRECCIONESTYPE,CODIGOPROVINCIA,,
personaDireccionesType,"cgtbprvd,fctbafil_info_actu_docs,fctbagen_mail,notbempl,sfct_afiliado,sfct_banco,sfct_ciudad,sfct_institucion",PERSONADIRECCIONESTYPE,CODIGOCIUDAD,,
personaDireccionesType,"cgtbprvd,fctbafil_info_actu_docs,fctbagen_mail,notbempl,sfct_afiliado,sfct_banco,sfct_ciudad,sfct_institucion",PERSONADIRECCIONESTYPE,DIRECCIONPRINCIPAL,,
personaDireccionesType,"cgtbprvd,fctbafil_info_actu_docs,fctbagen_mail,notbempl,sfct_afiliado,sfct_banco,sfct_ciudad,sfct_institucion",PERSONADIRECCIONESTYPE,CALLE,,
personaDireccionesType,"cgtbprvd,fctbafil_info_actu_docs,fctbagen_mail,notbempl,sfct_afiliado,sfct_banco,sfct_ciudad,sfct_institucion",PERSONADIRECCIONESTYPE,NUMERO,,
personaDireccionesType,"cgtbprvd,fctbafil_info_actu_docs,fctbagen_mail,notbempl,sfct_afiliado,sfct_banco,sfct_ciudad,sfct_institucion",PERSONADIRECCIONESTYPE,INMUEBLE,,
personaDireccionesType,"cgtbprvd,fctbafil_info_actu_docs,fctbagen_mail,notbempl,sfct_afiliado,sfct_banco,sfct_ciudad,sfct_institucion",PERSONADIRECCIONESTYPE,DEPARTAMENTO,,
personaDireccionesType,"cgtbprvd,fctbafil_info_actu_docs,fctbagen_mail,notbempl,sfct_afiliado,sfct_banco,sfct_ciudad,sfct_institucion",PERSONADIRECCIONESTYPE,URBANIZACION,,
personaDireccionesType,"cgtbprvd,fctbafil_info_actu_docs,fctbagen_mail,notbempl,sfct_afiliado,sfct_banco,sfct_ciudad,sfct_institucion",PERSONADIRECCIONESTYPE,DIRECCION,no_direccion,
personaDireccionesType,"cgtbprvd,fctbafil_info_actu_docs,fctbagen_mail,notbempl,sfct_afiliado,sfct_banco,sfct_ciudad,sfct_institucion",PERSONADIRECCIONESTYPE,FECHAINGRESO,,
personaDireccionesType,"cgtbprvd,fctbafil_info_actu_docs,fctbagen_mail,notbempl,sfct_afiliado,sfct_banco,sfct_ciudad,sfct_institucion",PERSONADIRECCIONESTYPE,FECHAINGRESORESIDENCIA,,
personaDireccionesType,"cgtbprvd,fctbafil_info_actu_docs,fctbagen_mail,notbempl,sfct_afiliado,sfct_banco,sfct_ciudad,sfct_institucion",PERSONADIRECCIONESTYPE,OBSERVACIONES,ds_observaciones,
personaDireccionesType,"cgtbprvd,fctbafil_info_actu_docs,fctbagen_mail,notbempl,sfct_afiliado,sfct_banco,sfct_ciudad,sfct_institucion",PERSONADIRECCIONESTYPE,CODIGOPARROQUIA,,
personaDireccionesType,"cgtbprvd,fctbafil_info_actu_docs,fctbagen_mail,notbempl,sfct_afiliado,sfct_banco,sfct_ciudad,sfct_institucion",PERSONADIRECCIONESTYPE,CODIGOCANTON,,
personaDireccionesType,"cgtbprvd,fctbafil_info_actu_docs,fctbagen_mail,notbempl,sfct_afiliado,sfct_banco,sfct_ciudad,sfct_institucion",PERSONADIRECCIONESTYPE,CODIGOBARRIO,,
personaDireccionesType,"cgtbprvd,fctbafil_info_actu_docs,fctbagen_mail,notbempl,sfct_afiliado,sfct_banco,sfct_ciudad,sfct_institucion",PERSONADIRECCIONESTYPE,TRANSVERSAL,,
personaDireccionesType,"cgtbprvd,fctbafil_info_actu_docs,fctbagen_mail,notbempl,sfct_afiliado,sfct_banco,sfct_ciudad,sfct_institucion",PERSONADIRECCIONESTYPE,CODIGOTIPOSITIO,,
personaDireccionesType,"cgtbprvd,fctbafil_info_actu_docs,fctbagen_mail,notbempl,sfct_afiliado,sfct_banco,sfct_ciudad,sfct_institucion",PERSONADIRECCIONESTYPE,SECTOR,ti_sector,
personaDireccionesType,"cgtbprvd,fctbafil_info_actu_docs,fctbagen_mail,notbempl,sfct_afiliado,sfct_banco,sfct_ciudad,sfct_institucion",PERSONADIRECCIONESTYPE,CODIGOZIP5,,
personaDireccionesType,"cgtbprvd,fctbafil_info_actu_docs,fctbagen_mail,notbempl,sfct_afiliado,sfct_banco,sfct_ciudad,sfct_institucion",PERSONADIRECCIONESTYPE,NOMBREPROPIETARIO,,
personaReferenciasBancariasType,"cgtbprvd,sfct_afiliado,sfct_afiliado_referencias,sfct_banco",PERSONAREFERENCIASBANCARIASTYPE,CODIGOTIPOIDENTIFICACION,,
personaReferenciasBancariasType,"cgtbprvd,sfct_afiliado,sfct_afiliado_referencias,sfct_banco",PERSONAREFERENCIASBANCARIASTYPE,IDENTIFICACION,,
personaReferenciasBancariasType,"cgtbprvd,sfct_afiliado,sfct_afiliado_referencias,sfct_banco",PERSONAREFERENCIASBANCARIASTYPE,SECUENCIAREFERENCIABANCARIA,,
personaReferenciasBancariasType,"cgtbprvd,sfct_afiliado,sfct_afiliado_referencias,sfct_banco",PERSONAREFERENCIASBANCARIASTYPE,CODIGOTIPOCUENTAREFERENCIA,,
personaReferenciasBancariasType,"cgtbprvd,sfct_afiliado,sfct_afiliado_referencias,sfct_banco",PERSONAREFERENCIASBANCARIASTYPE,TIPOIDENTIFICACIONIFINANCIERA,,
personaReferenciasBancariasType,"cgtbprvd,sfct_afiliado,sfct_afiliado_referencias,sfct_banco",PERSONAREFERENCIASBANCARIASTYPE,IDENTIFICACIONIFINANCIERA,,
personaReferenciasBancariasType,"cgtbprvd,sfct_afiliado,sfct_afiliado_referencias,sfct_banco",PERSONAREFERENCIASBANCARIASTYPE,NUCEMPRESABANCARIA,,
personaReferenciasBancariasType,"cgtbprvd,sfct_afiliado,sfct_afiliado_referencias,sfct_banco",PERSONAREFERENCIASBANCARIASTYPE,CODIGOCUENTA,,
personaReferenciasBancariasType,"cgtbprvd,sfct_afiliado,sfct_afiliado_referencias,sfct_banco",PERSONAREFERENCIASBANCARIASTYPE,NOMBRETITULAR,,
personaReferenciasBancariasType,"cgtbprvd,sfct_afiliado,sfct_afiliado_referencias,sfct_banco",PERSONAREFERENCIASBANCARIASTYPE,NUMEROCIFRAS,,
personaReferenciasBancariasType,"cgtbprvd,sfct_afiliado,sfct_afiliado_referencias,sfct_banco",PERSONAREFERENCIASBANCARIASTYPE,CODIGOCIFRASALDO,,
personaReferenciasBancariasType,"cgtbprvd,sfct_afiliado,sfct_afiliado_referencias,sfct_banco",PERSONAREFERENCIASBANCARIASTYPE,FECHAAPERTURA,,
personaReferenciasBancariasType,"cgtbprvd,sfct_afiliado,sfct_afiliado_referencias,sfct_banco",PERSONAREFERENCIASBANCARIASTYPE,NUMEROPROTESTOS,,
personaReferenciasBancariasType,"cgtbprvd,sfct_afiliado,sfct_afiliado_referencias,sfct_banco",PERSONAREFERENCIASBANCARIASTYPE,CERRADA,,
personaReferenciasBancariasType,"cgtbprvd,sfct_afiliado,sfct_afiliado_referencias,sfct_banco",PERSONAREFERENCIASBANCARIASTYPE,NOMBREINSTITUCIONPARACACEL,,
personaReferenciasBancariasType,"cgtbprvd,sfct_afiliado,sfct_afiliado_referencias,sfct_banco",PERSONAREFERENCIASBANCARIASTYPE,OBSERVACIONESSOLOPARACACEL,,
personaReferenciasPersonalesType,fctbafil_ahor_refe,PERSONAREFERENCIASPERSONALESTYPE,CODIGOTIPOIDENTIFICACION,,
personaReferenciasPersonalesType,fctbafil_ahor_refe,PERSONAREFERENCIASPERSONALESTYPE,IDENTIFICACION,,
personaReferenciasPersonalesType,fctbafil_ahor_refe,PERSONAREFERENCIASPERSONALESTYPE,SECUENCIAREFERENCIAPERSONAL,,
personaReferenciasPersonalesType,fctbafil_ahor_refe,PERSONAREFERENCIASPERSONALESTYPE,NOMBRESPERSONA,,
personaReferenciasPersonalesType,fctbafil_ahor_refe,PERSONAREFERENCIASPERSONALESTYPE,APELLIDOPATERNO,,
personaReferenciasPersonalesType,fctbafil_ahor_refe,PERSONAREFERENCIASPERSONALESTYPE,APELLIDOMATERNO,,
personaReferenciasPersonalesType,fctbafil_ahor_refe,PERSONAREFERENCIASPERSONALESTYPE,DIRECCION,,
personaReferenciasPersonalesType,fctbafil_ahor_refe,PERSONAREFERENCIASPERSONALESTYPE,TELEFONO,,
personaReferenciasPersonalesType,fctbafil_ahor_refe,PERSONAREFERENCIASPERSONALESTYPE,CODIGOTIPOVINCULACION,,
personaReferenciasPersonalesType,fctbafil_ahor_refe,PERSONAREFERENCIASPERSONALESTYPE,IDENTIFICACIONREFERENCIA,,
personaTelefonosType,"fctbafil_actu,fctbagen_telf_part,sfct_afiliado",PERSONATELEFONOSTYPE,CODIGOTIPOIDENTIFICACION,,
personaTelefonosType,"fctbafil_actu,fctbagen_telf_part,sfct_afiliado",PERSONATELEFONOSTYPE,IDENTIFICACION,,
personaTelefonosType,"fctbafil_actu,fctbagen_telf_part,sfct_afiliado",PERSONATELEFONOSTYPE,SECUENCIATELEFONO,,
personaTelefonosType,"fctbafil_actu,fctbagen_telf_part,sfct_afiliado",PERSONATELEFONOSTYPE,CODIGOTIPOTELEFONO,,
personaTelefonosType,"fctbafil_actu,fctbagen_telf_part,sfct_afiliado",PERSONATELEFONOSTYPE,NUMEROTELEFONO,,
personaTelefonosType,"fctbafil_actu,fctbagen_telf_part,sfct_afiliado",PERSONATELEFONOSTYPE,EXTENSION,,
personaTelefonosType,"fctbafil_actu,fctbagen_telf_part,sfct_afiliado",PERSONATELEFONOSTYPE,CODIGOTIPOUBICACION,,
personaTelefonosType,"fctbafil_actu,fctbagen_telf_part,sfct_afiliado",PERSONATELEFONOSTYPE,NUMERODIRECCION,,
personaTelefonosType,"fctbafil_actu,fctbagen_telf_part,sfct_afiliado",PERSONATELEFONOSTYPE,FECHAINGRESO,,
personaTelefonosType,"fctbafil_actu,fctbagen_telf_part,sfct_afiliado",PERSONATELEFONOSTYPE,EMPRESAOPERADORA,,
personaTelefonosType,"fctbafil_actu,fctbagen_telf_part,sfct_afiliado",PERSONATELEFONOSTYPE,CODIGOAREA,,
personaType,"cgtbprvd,fctbafil_info_actu_docs,notbcgfm,notbempl,sfct_afiliado,sfct_banco,sfct_beneficiario,sfct_ciudad,sfct_institucion",PERSONATYPE,CODIGOTIPOIDENTIFICACION,,
personaType,"cgtbprvd,fctbafil_info_actu_docs,notbcgfm,notbempl,sfct_afiliado,sfct_banco,sfct_beneficiario,sfct_ciudad,sfct_institucion",PERSONATYPE,IDENTIFICACION,,
personaType,"cgtbprvd,fctbafil_info_actu_docs,notbcgfm,notbempl,sfct_afiliado,sfct_banco,sfct_beneficiario,sfct_ciudad,sfct_institucion",PERSONATYPE,CODIGOTIPOPERSONA,,
personaType,"cgtbprvd,fctbafil_info_actu_docs,notbcgfm,notbempl,sfct_afiliado,sfct_banco,sfct_beneficiario,sfct_ciudad,sfct_institucion",PERSONATYPE,CODIGOSECTORECONOMICO,,
personaType,"cgtbprvd,fctbafil_info_actu_docs,notbcgfm,notbempl,sfct_afiliado,sfct_banco,sfct_beneficiario,sfct_ciudad,sfct_institucion",PERSONATYPE,PRIMERAPELLIDO,,
personaType,"cgtbprvd,fctbafil_info_actu_docs,notbcgfm,notbempl,sfct_afiliado,sfct_banco,sfct_beneficiario,sfct_ciudad,sfct_institucion",PERSONATYPE,SEGUNDOAPELLIDO,,
personaType,"cgtbprvd,fctbafil_info_actu_docs,notbcgfm,notbempl,sfct_afiliado,sfct_banco,sfct_beneficiario,sfct_ciudad,sfct_institucion",PERSONATYPE,PRIMERNOMBRE,,
personaType,"cgtbprvd,fctbafil_info_actu_docs,notbcgfm,notbempl,sfct_afiliado,sfct_banco,sfct_beneficiario,sfct_ciudad,sfct_institucion",PERSONATYPE,SEGUNDONOMBRE,,
personaType,"cgtbprvd,fctbafil_info_actu_docs,notbcgfm,notbempl,sfct_afiliado,sfct_banco,sfct_beneficiario,sfct_ciudad,sfct_institucion",PERSONATYPE,NOMBRELEGAL,,
personaType,"cgtbprvd,fctbafil_info_actu_docs,notbcgfm,notbempl,sfct_afiliado,sfct_banco,sfct_beneficiario,sfct_ciudad,sfct_institucion",PERSONATYPE,FECHAINGRESO,,
personaType,"cgtbprvd,fctbafil_info_actu_docs,notbcgfm,notbempl,sfct_afiliado,sfct_banco,sfct_beneficiario,sfct_ciudad,sfct_institucion",PERSONATYPE,CODIGOPAIS,,
personaType,"cgtbprvd,fctbafil_info_actu_docs,notbcgfm,notbempl,sfct_afiliado,sfct_banco,sfct_beneficiario,sfct_ciudad,sfct_institucion",PERSONATYPE,CODIGORESIDENCIA,,
personaType,"cgtbprvd,fctbafil_info_actu_docs,notbcgfm,notbempl,sfct_afiliado,sfct_banco,sfct_beneficiario,sfct_ciudad,sfct_institucion",PERSONATYPE,CODIGOACTIVIDAD,,
personaType,"cgtbprvd,fctbafil_info_actu_docs,notbcgfm,notbempl,sfct_afiliado,sfct_banco,sfct_beneficiario,sfct_ciudad,sfct_institucion",PERSONATYPE,CODIGOACTIVIDADDETALLE,,
personaType,"cgtbprvd,fctbafil_info_actu_docs,notbcgfm,notbempl,sfct_afiliado,sfct_banco,sfct_beneficiario,sfct_ciudad,sfct_institucion",PERSONATYPE,OBSERVACIONES,ds_observaciones,
personaType,"cgtbprvd,fctbafil_info_actu_docs,notbcgfm,notbempl,sfct_afiliado,sfct_banco,sfct_beneficiario,sfct_ciudad,sfct_institucion",PERSONATYPE,SUCURSALINGRESO,,
personaType,"cgtbprvd,fctbafil_info_actu_docs,notbcgfm,notbempl,sfct_afiliado,sfct_banco,sfct_beneficiario,sfct_ciudad,sfct_institucion",PERSONATYPE,OFICINAINGRESO,,
personaType,"cgtbprvd,fctbafil_info_actu_docs,notbcgfm,notbempl,sfct_afiliado,sfct_banco,sfct_beneficiario,sfct_ciudad,sfct_institucion",PERSONATYPE,CODIGOESTATUSPERSONA,,
personaType,"cgtbprvd,fctbafil_info_actu_docs,notbcgfm,notbempl,sfct_afiliado,sfct_banco,sfct_beneficiario,sfct_ciudad,sfct_institucion",PERSONATYPE,NUMEROSOCIO,,
personaType,"cgtbprvd,fctbafil_info_actu_docs,notbcgfm,notbempl,sfct_afiliado,sfct_banco,sfct_beneficiario,sfct_ciudad,sfct_institucion",PERSONATYPE,CODIGOUSUARIOOFICIALPERSONA,,
personaType,"cgtbprvd,fctbafil_info_actu_docs,notbcgfm,notbempl,sfct_afiliado,sfct_banco,sfct_beneficiario,sfct_ciudad,sfct_institucion",PERSONATYPE,CODIGOCATEGORIATRATO,,
personaType,"cgtbprvd,fctbafil_info_actu_docs,notbcgfm,notbempl,sfct_afiliado,sfct_banco,sfct_beneficiario,sfct_ciudad,sfct_institucion",PERSONATYPE,CODIGORAZONAPERTURAFINALIDAD,,
personaType,"cgtbprvd,fctbafil_info_actu_docs,notbcgfm,notbempl,sfct_afiliado,sfct_banco,sfct_beneficiario,sfct_ciudad,sfct_institucion",PERSONATYPE,SUJETOOBLIGADO,,
personaType,"cgtbprvd,fctbafil_info_actu_docs,notbcgfm,notbempl,sfct_afiliado,sfct_banco,sfct_beneficiario,sfct_ciudad,sfct_institucion",PERSONATYPE,NOMBREPREFERIDO,,
personaType,"cgtbprvd,fctbafil_info_actu_docs,notbcgfm,notbempl,sfct_afiliado,sfct_banco,sfct_beneficiario,sfct_ciudad,sfct_institucion",PERSONATYPE,EXONERADOIMPUESTO,,
personaType,"cgtbprvd,fctbafil_info_actu_docs,notbcgfm,notbempl,sfct_afiliado,sfct_banco,sfct_beneficiario,sfct_ciudad,sfct_institucion",PERSONATYPE,FECHACALIFICADO,,
personaVinculacionesType,"crtboper_cony,crtoblig,imtbmiem_cony,notbempl,sfct_afiliado,sfct_beneficiario,sfct_conyuge",PERSONAVINCULACIONESTYPE,CODIGOTIPOIDENTIFICACION,,
personaVinculacionesType,"crtboper_cony,crtoblig,imtbmiem_cony,notbempl,sfct_afiliado,sfct_beneficiario,sfct_conyuge",PERSONAVINCULACIONESTYPE,IDENTIFICACION,,
personaVinculacionesType,"crtboper_cony,crtoblig,imtbmiem_cony,notbempl,sfct_afiliado,sfct_beneficiario,sfct_conyuge",PERSONAVINCULACIONESTYPE,CODIGOTIPOIDENTIFICACIONPERSONAVINCULADA,,
personaVinculacionesType,"crtboper_cony,crtoblig,imtbmiem_cony,notbempl,sfct_afiliado,sfct_beneficiario,sfct_conyuge",PERSONAVINCULACIONESTYPE,IDENTIFICACIONPERSONAVINCULADA,,
personaVinculacionesType,"crtboper_cony,crtoblig,imtbmiem_cony,notbempl,sfct_afiliado,sfct_beneficiario,sfct_conyuge",PERSONAVINCULACIONESTYPE,CODIGOTIPOVINCULACION,,
personaVinculacionesType,"crtboper_cony,crtoblig,imtbmiem_cony,notbempl,sfct_afiliado,sfct_beneficiario,sfct_conyuge",PERSONAVINCULACIONESTYPE,SECUENCIAPERSONAVINCULACION,,
personaVinculacionesType,"crtboper_cony,crtoblig,imtbmiem_cony,notbempl,sfct_afiliado,sfct_beneficiario,sfct_conyuge",PERSONAVINCULACIONESTYPE,FECHAVINCULACION,,
personaVinculacionesType,"crtboper_cony,crtoblig,imtbmiem_cony,notbempl,sfct_afiliado,sfct_beneficiario,sfct_conyuge",PERSONAVINCULACIONESTYPE,FECHASEPARACION,,
referenciaParticipeType,sfct_referencias,REFERENCIAPARTICIPE_TYPE,CODIGOTIPOREFERENCIA,,
referenciaParticipeType,sfct_referencias,REFERENCIAPARTICIPE_TYPE,DESCRIPCIONTIPOREFERENCIA,,
reporteSIBSParticipeType,"fctbcinf_part_sibs,fctbdinf_liqd_cnta_sibs,fctbdinf_part_sibs",REPORTESIBSPARTICIPE_TYPE,CODIGOENTIDAD,,
reporteSIBSParticipeType,"fctbcinf_part_sibs,fctbdinf_liqd_cnta_sibs,fctbdinf_part_sibs",REPORTESIBSPARTICIPE_TYPE,CODIGOESTRUCTURA,,
reporteSIBSParticipeType,"fctbcinf_part_sibs,fctbdinf_liqd_cnta_sibs,fctbdinf_part_sibs",REPORTESIBSPARTICIPE_TYPE,FECHACORTE,,
reporteSIBSParticipeType,"fctbcinf_part_sibs,fctbdinf_liqd_cnta_sibs,fctbdinf_part_sibs",REPORTESIBSPARTICIPE_TYPE,FECHAGENERACION,,
reporteSIBSParticipeType,"fctbcinf_part_sibs,fctbdinf_liqd_cnta_sibs,fctbdinf_part_sibs",REPORTESIBSPARTICIPE_TYPE,NUMEROREGISTRO,,
reporteSIBSParticipeType,"fctbcinf_part_sibs,fctbdinf_liqd_cnta_sibs,fctbdinf_part_sibs",REPORTESIBSPARTICIPE_TYPE,SECUENCIAREGISTRO,,
reporteSIBSParticipeType,"fctbcinf_part_sibs,fctbdinf_liqd_cnta_sibs,fctbdinf_part_sibs",REPORTESIBSPARTICIPE_TYPE,NUMEROCEDULA,,
reporteSIBSParticipeType,"fctbcinf_part_sibs,fctbdinf_liqd_cnta_sibs,fctbdinf_part_sibs",REPORTESIBSPARTICIPE_TYPE,TIPOIDENTIFICACION,,
reporteSIBSParticipeType,"fctbcinf_part_sibs,fctbdinf_liqd_cnta_sibs,fctbdinf_part_sibs",REPORTESIBSPARTICIPE_TYPE,CODIGOTIPOAPORTANTE,,
reporteSIBSParticipeType,"fctbcinf_part_sibs,fctbdinf_liqd_cnta_sibs,fctbdinf_part_sibs",REPORTESIBSPARTICIPE_TYPE,MONTOAPORTE,,
reporteSIBSParticipeType,"fctbcinf_part_sibs,fctbdinf_liqd_cnta_sibs,fctbdinf_part_sibs",REPORTESIBSPARTICIPE_TYPE,SALDODISPONIBLE,,
reporteSIBSParticipeType,"fctbcinf_part_sibs,fctbdinf_liqd_cnta_sibs,fctbdinf_part_sibs",REPORTESIBSPARTICIPE_TYPE,SALDOBLOQUEADO,,
reporteSIBSParticipeType,"fctbcinf_part_sibs,fctbdinf_liqd_cnta_sibs,fctbdinf_part_sibs",REPORTESIBSPARTICIPE_TYPE,MONTOLIQUIDACION,,
reporteSIBSParticipeType,"fctbcinf_part_sibs,fctbdinf_liqd_cnta_sibs,fctbdinf_part_sibs",REPORTESIBSPARTICIPE_TYPE,FECHALIQUIDACION,,
reporteSIBSParticipeType,"fctbcinf_part_sibs,fctbdinf_liqd_cnta_sibs,fctbdinf_part_sibs",REPORTESIBSPARTICIPE_TYPE,ESTADO,,
reporteSIBSParticipeType,"fctbcinf_part_sibs,fctbdinf_liqd_cnta_sibs,fctbdinf_part_sibs",REPORTESIBSPARTICIPE_TYPE,CODIGOUSUARIOGENERACION,,
retiroLiquidacionType,"sfct_afiliado_referencias,sfct_retiro",RETIROLIQUIDACION_TYPE,CODIGOTIPOIDENTIFICACION,,
retiroLiquidacionType,"sfct_afiliado_referencias,sfct_retiro",RETIROLIQUIDACION_TYPE,IDENTIFICACION,,
retiroLiquidacionType,"sfct_afiliado_referencias,sfct_retiro",RETIROLIQUIDACION_TYPE,SECUENCIARETIRO,,
retiroLiquidacionType,"sfct_afiliado_referencias,sfct_retiro",RETIROLIQUIDACION_TYPE,CODIGOTIPORETIRO,,
retiroLiquidacionType,"sfct_afiliado_referencias,sfct_retiro",RETIROLIQUIDACION_TYPE,CODIGOMOTIVORETIRO,,
retiroLiquidacionType,"sfct_afiliado_referencias,sfct_retiro",RETIROLIQUIDACION_TYPE,FECHASOLICITUD,,
retiroLiquidacionType,"sfct_afiliado_referencias,sfct_retiro",RETIROLIQUIDACION_TYPE,FECHAAPROBACION,,
retiroLiquidacionType,"sfct_afiliado_referencias,sfct_retiro",RETIROLIQUIDACION_TYPE,FECHALIQUIDACION,,
retiroLiquidacionType,"sfct_afiliado_referencias,sfct_retiro",RETIROLIQUIDACION_TYPE,MONTOSOLICITADO,,
retiroLiquidacionType,"sfct_afiliado_referencias,sfct_retiro",RETIROLIQUIDACION_TYPE,MONTOAPROBADO,,
retiroLiquidacionType,"sfct_afiliado_referencias,sfct_retiro",RETIROLIQUIDACION_TYPE,MONTOLIQUIDADO,,
retiroLiquidacionType,"sfct_afiliado_referencias,sfct_retiro",RETIROLIQUIDACION_TYPE,CODIGOESTADO,,
retiroLiquidacionType,"sfct_afiliado_referencias,sfct_retiro",RETIROLIQUIDACION_TYPE,CODIGOCUENTADESTINO,,
retiroLiquidacionType,"sfct_afiliado_referencias,sfct_retiro",RETIROLIQUIDACION_TYPE,CODIGOBANCODESTINO,,
retiroLiquidacionType,"sfct_afiliado_referencias,sfct_retiro",RETIROLIQUIDACION_TYPE,OBSERVACIONES,,
retiroLiquidacionType,"sfct_afiliado_referencias,sfct_retiro",RETIROLIQUIDACION_TYPE,CODIGOUSUARIOAPRUEBA,,
retiroLiquidacionType,"sfct_afiliado_referencias,sfct_retiro",RETIROLIQUIDACION_TYPE,CODIGOUSUARIOLIQUIDA,,
retiroLiquidacionType,"sfct_afiliado_referencias,sfct_retiro",RETIROLIQUIDACION_TYPE,FECHAINGRESO,,
retiroLiquidacionType,"sfct_afiliado_referencias,sfct_retiro",RETIROLIQUIDACION_TYPE,MONTOSALDO,,
retiroLiquidacionType,"sfct_afiliado_referencias,sfct_retiro",RETIROLIQUIDACION_TYPE,MONTOINTERESGENERADO,,
retiroLiquidacionType,"sfct_afiliado_referencias,sfct_retiro",RETIROLIQUIDACION_TYPE,PORCENTAJETASAINTERES,,
retiroLiquidacionType,"sfct_afiliado_referencias,sfct_retiro",RETIROLIQUIDACION_TYPE,TIPOLIQUIDACION,,
retiroLiquidacionType,"sfct_afiliado_referencias,sfct_retiro",RETIROLIQUIDACION_TYPE,SECUENCIALIQUIDACIONHIPO,,
retiroLiquidacionType,"sfct_afiliado_referencias,sfct_retiro",RETIROLIQUIDACION_TYPE,TIPOPROCESO,,
retiroLiquidacionType,"sfct_afiliado_referencias,sfct_retiro",RETIROLIQUIDACION_TYPE,CODIGOROL,,
retiroLiquidacionType,"sfct_afiliado_referencias,sfct_retiro",RETIROLIQUIDACION_TYPE,CODIGOEMPRESA,,
retiroLiquidacionType,"sfct_afiliado_referencias,sfct_retiro",RETIROLIQUIDACION_TYPE,CODIGOINSTITUCION,,
retiroLiquidacionType,"sfct_afiliado_referencias,sfct_retiro",RETIROLIQUIDACION_TYPE,CODIGOPROVINCIA,,
retiroLiquidacionType,"sfct_afiliado_referencias,sfct_retiro",RETIROLIQUIDACION_TYPE,CODIGOPAGADOR,,
retiroLiquidacionType,"sfct_afiliado_referencias,sfct_retiro",RETIROLIQUIDACION_TYPE,MONTOFAS,,
retiroLiquidacionType,"sfct_afiliado_referencias,sfct_retiro",RETIROLIQUIDACION_TYPE,MONTOCAPITALINSTITUCIONAL,,
retiroLiquidacionType,"sfct_afiliado_referencias,sfct_retiro",RETIROLIQUIDACION_TYPE,VALORSALDOINCIAL,,
retiroLiquidacionType,"sfct_afiliado_referencias,sfct_retiro",RETIROLIQUIDACION_TYPE,FECHARETIROFCME,,
retiroLiquidacionType,"sfct_afiliado_referencias,sfct_retiro",RETIROLIQUIDACION_TYPE,FECHACONCESION,,
retiroLiquidacionType,"sfct_afiliado_referencias,sfct_retiro",RETIROLIQUIDACION_TYPE,VALORCREDITO,,
retiroLiquidacionType,"sfct_afiliado_referencias,sfct_retiro",RETIROLIQUIDACION_TYPE,VALORINTERESCAPITALINICIAL,,
retiroLiquidacionType,"sfct_afiliado_referencias,sfct_retiro",RETIROLIQUIDACION_TYPE,VALORINTERESACCIONES,,
retiroLiquidacionType,"sfct_afiliado_referencias,sfct_retiro",RETIROLIQUIDACION_TYPE,MOTIVO,ci_motivo_retiro,
retiroLiquidacionType,"sfct_afiliado_referencias,sfct_retiro",RETIROLIQUIDACION_TYPE,FECHAVERIFICACION,,
retiroLiquidacionType,"sfct_afiliado_referencias,sfct_retiro",RETIROLIQUIDACION_TYPE,CODIGOUSUARIOCONFIRMA,,
retiroLiquidacionType,"sfct_afiliado_referencias,sfct_retiro",RETIROLIQUIDACION_TYPE,USUARIOELIMINA,,
retiroLiquidacionType,"sfct_afiliado_referencias,sfct_retiro",RETIROLIQUIDACION_TYPE,FECHAELIMINACION,,
retiroLiquidacionType,"sfct_afiliado_referencias,sfct_retiro",RETIROLIQUIDACION_TYPE,CODIGOUSUARIOAUTORIZAPROVISION,,
retiroLiquidacionType,"sfct_afiliado_referencias,sfct_retiro",RETIROLIQUIDACION_TYPE,FECHAAUTORIZAPROVISION,,
retiroLiquidacionType,"sfct_afiliado_referencias,sfct_retiro",RETIROLIQUIDACION_TYPE,ESTADOANTERIOR,ce_estado_anterior,
retiroLiquidacionType,"sfct_afiliado_referencias,sfct_retiro",RETIROLIQUIDACION_TYPE,CODIGOFONDO,,
retiroLiquidacionType,"sfct_afiliado_referencias,sfct_retiro",RETIROLIQUIDACION_TYPE,VALORRESEVAS,,
retiroLiquidacionType,"sfct_afiliado_referencias,sfct_retiro",RETIROLIQUIDACION_TYPE,VALORADICIONAL,,
retiroLiquidacionType,"sfct_afiliado_referencias,sfct_retiro",RETIROLIQUIDACION_TYPE,VALORRETENCION,,
retiroLiquidacionType,"sfct_afiliado_referencias,sfct_retiro",RETIROLIQUIDACION_TYPE,VALORCONSULCREDITO,,
retiroLiquidacionType,"sfct_afiliado_referencias,sfct_retiro",RETIROLIQUIDACION_TYPE,SOBRANTEQUESELIQUIDA,,
retiroLiquidacionType,"sfct_afiliado_referencias,sfct_retiro",RETIROLIQUIDACION_TYPE,MONTODESCUENTOGASTOSJUBILACION,,
retiroLiquidacionType,"sfct_afiliado_referencias,sfct_retiro",RETIROLIQUIDACION_TYPE,MONTOPAGOCREDITOOTROFONDO,,
retiroLiquidacionType,"sfct_afiliado_referencias,sfct_retiro",RETIROLIQUIDACION_TYPE,MONTOPAGOSOBREGIROOTROFONDO,,
retiroLiquidacionType,"sfct_afiliado_referencias,sfct_retiro",RETIROLIQUIDACION_TYPE,VALORCREDITOSCONSULCREDITO,,
retiroLiquidacionType,"sfct_afiliado_referencias,sfct_retiro",RETIROLIQUIDACION_TYPE,MONTOAPERTURACUP,,
retiroLiquidacionType,"sfct_afiliado_referencias,sfct_retiro",RETIROLIQUIDACION_TYPE,APORTEROLPARAAPERTURACUP,,
retiroLiquidacionType,"sfct_afiliado_referencias,sfct_retiro",RETIROLIQUIDACION_TYPE,MONTOINVERSIONHIDROELECTRICA,,
retiroLiquidacionType,"sfct_afiliado_referencias,sfct_retiro",RETIROLIQUIDACION_TYPE,MONTOCAPITALIZACIONCDP,,
retiroLiquidacionType,"sfct_afiliado_referencias,sfct_retiro",RETIROLIQUIDACION_TYPE,MONTORENTABILIDADCDP,,
retiroLiquidacionType,"sfct_afiliado_referencias,sfct_retiro",RETIROLIQUIDACION_TYPE,MONTOGARANTIAPORCREDITO,,
retiroLiquidacionType,"sfct_afiliado_referencias,sfct_retiro",RETIROLIQUIDACION_TYPE,MONTOGARANTIAPORCUP,,
retiroLiquidacionType,"sfct_afiliado_referencias,sfct_retiro",RETIROLIQUIDACION_TYPE,CODIGOTASACUP,,
retiroLiquidacionType,"sfct_afiliado_referencias,sfct_retiro",RETIROLIQUIDACION_TYPE,CODIGOPLAZACUP,,
retiroLiquidacionType,"sfct_afiliado_referencias,sfct_retiro",RETIROLIQUIDACION_TYPE,CODIGOTIPOCAPITALIZACION,,
retiroLiquidacionType,"sfct_afiliado_referencias,sfct_retiro",RETIROLIQUIDACION_TYPE,MONTORENTABILIDADCUP,,
retiroLiquidacionType,"sfct_afiliado_referencias,sfct_retiro",RETIROLIQUIDACION_TYPE,CEDULAUSUARIOHIDROELECTRICA,,
retiroLiquidacionType,"sfct_afiliado_referencias,sfct_retiro",RETIROLIQUIDACION_TYPE,CEDULAUSUARIOCAPTACUP,,
retiroLiquidacionType,"sfct_afiliado_referencias,sfct_retiro",RETIROLIQUIDACION_TYPE,CODIGOAPLICACIONORIGEN,,
retiroLiquidacionType,"sfct_afiliado_referencias,sfct_retiro",RETIROLIQUIDACION_TYPE,COBROPRESTANO,,
retiroLiquidacionType,"sfct_afiliado_referencias,sfct_retiro",RETIROLIQUIDACION_TYPE,CODIGOPROCESO,,
retiroLiquidacionType,"sfct_afiliado_referencias,sfct_retiro",RETIROLIQUIDACION_TYPE,INDICADORPROCESO,,
retiroVoluntarioEstadoType,fctbrvol_esta_afil,RETIROVOLUNTARIOESTADO_TYPE,ANIO,nu_anio,
retiroVoluntarioEstadoType,fctbrvol_esta_afil,RETIROVOLUNTARIOESTADO_TYPE,CODIGOEMPRESA,,
retiroVoluntarioEstadoType,fctbrvol_esta_afil,RETIROVOLUNTARIOESTADO_TYPE,CODIGOFONDO,,
retiroVoluntarioEstadoType,fctbrvol_esta_afil,RETIROVOLUNTARIOESTADO_TYPE,ESTADOAFILIADO,,
retiroVoluntarioEstadoType,fctbrvol_esta_afil,RETIROVOLUNTARIOESTADO_TYPE,ESTADOREGISTRO,,
retiroVoluntarioEstadoType,fctbrvol_esta_afil,RETIROVOLUNTARIOESTADO_TYPE,FECHACREACION,,
retiroVoluntarioEstadoType,fctbrvol_esta_afil,RETIROVOLUNTARIOESTADO_TYPE,FECHAMODIFICACION,,
retiroVoluntarioEstadoType,fctbrvol_esta_afil,RETIROVOLUNTARIOESTADO_TYPE,SECUENCIADETALLE,,
retiroVoluntarioEstadoType,fctbrvol_esta_afil,RETIROVOLUNTARIOESTADO_TYPE,TIPORETIROVOLUNTARIO,,
retiroVoluntarioEstadoType,fctbrvol_esta_afil,RETIROVOLUNTARIOESTADO_TYPE,USUARIOINGRESA,,
retiroVoluntarioEstadoType,fctbrvol_esta_afil,RETIROVOLUNTARIOESTADO_TYPE,USUARIOMODIFICA,,
retiroVoluntarioEstadoType,fctbrvol_esta_afil,RETIROVOLUNTARIOESTADO_TYPE,CODIGOINSTITUCION,,
rolNominaType,"sfct_cabecera_rol,sfct_detalle_rol,sfct_rubro_rol",ROLNOMINA_TYPE,CODIGOTIPOIDENTIFICACION,,
rolNominaType,"sfct_cabecera_rol,sfct_detalle_rol,sfct_rubro_rol",ROLNOMINA_TYPE,IDENTIFICACION,,
rolNominaType,"sfct_cabecera_rol,sfct_detalle_rol,sfct_rubro_rol",ROLNOMINA_TYPE,CODIGOROL,,
rolNominaType,"sfct_cabecera_rol,sfct_detalle_rol,sfct_rubro_rol",ROLNOMINA_TYPE,PERIODOANIO,,
rolNominaType,"sfct_cabecera_rol,sfct_detalle_rol,sfct_rubro_rol",ROLNOMINA_TYPE,PERIODOMES,,
rolNominaType,"sfct_cabecera_rol,sfct_detalle_rol,sfct_rubro_rol",ROLNOMINA_TYPE,CODIGORUBRO,,
rolNominaType,"sfct_cabecera_rol,sfct_detalle_rol,sfct_rubro_rol",ROLNOMINA_TYPE,DESCRIPCIONRUBRO,,
rolNominaType,"sfct_cabecera_rol,sfct_detalle_rol,sfct_rubro_rol",ROLNOMINA_TYPE,MONTORUBRO,,
rolNominaType,"sfct_cabecera_rol,sfct_detalle_rol,sfct_rubro_rol",ROLNOMINA_TYPE,CODIGOTIPORUBRO,,
rolNominaType,"sfct_cabecera_rol,sfct_detalle_rol,sfct_rubro_rol",ROLNOMINA_TYPE,INDICADORDESCUENTO,,
rolNominaType,"sfct_cabecera_rol,sfct_detalle_rol,sfct_rubro_rol",ROLNOMINA_TYPE,ESTADO,,
rolNominaType,"sfct_cabecera_rol,sfct_detalle_rol,sfct_rubro_rol",ROLNOMINA_TYPE,FECHAPROCESO,,
rolNominaType,"sfct_cabecera_rol,sfct_detalle_rol,sfct_rubro_rol",ROLNOMINA_TYPE,SECUENCIAROL,,
rolNominaType,"sfct_cabecera_rol,sfct_detalle_rol,sfct_rubro_rol",ROLNOMINA_TYPE,CODIGOCATEGORIA,,
rolNominaType,"sfct_cabecera_rol,sfct_detalle_rol,sfct_rubro_rol",ROLNOMINA_TYPE,INDICADORCONTABLE,,
rolNominaType,"sfct_cabecera_rol,sfct_detalle_rol,sfct_rubro_rol",ROLNOMINA_TYPE,NOMBRERUBROABREVIADO,,
rolNominaType,"sfct_cabecera_rol,sfct_detalle_rol,sfct_rubro_rol",ROLNOMINA_TYPE,NUMEROPRIORIDAD,,
rolNominaType,"sfct_cabecera_rol,sfct_detalle_rol,sfct_rubro_rol",ROLNOMINA_TYPE,ROLINICIAL,ci_rol_inicial,
rolNominaType,"sfct_cabecera_rol,sfct_detalle_rol,sfct_rubro_rol",ROLNOMINA_TYPE,NUMERODEBITOS,,
rolNominaType,"sfct_cabecera_rol,sfct_detalle_rol,sfct_rubro_rol",ROLNOMINA_TYPE,CUENTACONTABLEAUTOMATICAMOVIMIENTO,,
rolNominaType,"sfct_cabecera_rol,sfct_detalle_rol,sfct_rubro_rol",ROLNOMINA_TYPE,CUENTACONTABLEAUTOMATICATRANSACCION,,
rolNominaType,"sfct_cabecera_rol,sfct_detalle_rol,sfct_rubro_rol",ROLNOMINA_TYPE,TOTAL,tx_total,
rolNominaType,"sfct_cabecera_rol,sfct_detalle_rol,sfct_rubro_rol",ROLNOMINA_TYPE,RUBROACUMULADOR,,
rolNominaType,"sfct_cabecera_rol,sfct_detalle_rol,sfct_rubro_rol",ROLNOMINA_TYPE,INDICADORINTERES,,
rolNominaType,"sfct_cabecera_rol,sfct_detalle_rol,sfct_rubro_rol",ROLNOMINA_TYPE,INDICADORRUBROCONSALDOUNIFICADO,,
rolNominaType,"sfct_cabecera_rol,sfct_detalle_rol,sfct_rubro_rol",ROLNOMINA_TYPE,CODIGOEMPRESA,,
rolNominaType,"sfct_cabecera_rol,sfct_detalle_rol,sfct_rubro_rol",ROLNOMINA_TYPE,TIPODATODESCUENTO,,
rolNominaType,"sfct_cabecera_rol,sfct_detalle_rol,sfct_rubro_rol",ROLNOMINA_TYPE,ESTADOSDEUDOR,,
rolNominaType,"sfct_cabecera_rol,sfct_detalle_rol,sfct_rubro_rol",ROLNOMINA_TYPE,TIPOINSTITUCION,,
rolNominaType,"sfct_cabecera_rol,sfct_detalle_rol,sfct_rubro_rol",ROLNOMINA_TYPE,CODIGOINSTITUCION,,
rolNominaType,"sfct_cabecera_rol,sfct_detalle_rol,sfct_rubro_rol",ROLNOMINA_TYPE,CODIGOPROVINCIA,,
saldoDiarioRubroType,fctbsald_diar_rubr,SALDODIARIORUBRO_TYPE,FECHASALDO,,
saldoDiarioRubroType,fctbsald_diar_rubr,SALDODIARIORUBRO_TYPE,CODIGOTIPOTRANSACCION,,
saldoDiarioRubroType,fctbsald_diar_rubr,SALDODIARIORUBRO_TYPE,CODIGOMOTIVO,,
saldoDiarioRubroType,fctbsald_diar_rubr,SALDODIARIORUBRO_TYPE,CODIGORUBROROL,,
saldoDiarioRubroType,fctbsald_diar_rubr,SALDODIARIORUBRO_TYPE,VASALDO,va_saldo,
saldoDiarioRubroType,fctbsald_diar_rubr,SALDODIARIORUBRO_TYPE,CODIGOEMPRESA,,
saldoDiarioType,"fctbrubr_rent,fctbsald_diar_afil_rubr,sfct_saldos_diarios_afiliados",SALDODIARIO_TYPE,CODIGOTIPOIDENTIFICACION,,
saldoDiarioType,"fctbrubr_rent,fctbsald_diar_afil_rubr,sfct_saldos_diarios_afiliados",SALDODIARIO_TYPE,IDENTIFICACION,,
saldoDiarioType,"fctbrubr_rent,fctbsald_diar_afil_rubr,sfct_saldos_diarios_afiliados",SALDODIARIO_TYPE,FECHASALDO,,
saldoDiarioType,"fctbrubr_rent,fctbsald_diar_afil_rubr,sfct_saldos_diarios_afiliados",SALDODIARIO_TYPE,CODIGORUBRO,,
saldoDiarioType,"fctbrubr_rent,fctbsald_diar_afil_rubr,sfct_saldos_diarios_afiliados",SALDODIARIO_TYPE,CODIGOFONDO,,
saldoDiarioType,"fctbrubr_rent,fctbsald_diar_afil_rubr,sfct_saldos_diarios_afiliados",SALDODIARIO_TYPE,SALDOANTERIOR,,
saldoDiarioType,"fctbrubr_rent,fctbsald_diar_afil_rubr,sfct_saldos_diarios_afiliados",SALDODIARIO_TYPE,MONTODEBITO,,
saldoDiarioType,"fctbrubr_rent,fctbsald_diar_afil_rubr,sfct_saldos_diarios_afiliados",SALDODIARIO_TYPE,MONTOCREDITO,,
saldoDiarioType,"fctbrubr_rent,fctbsald_diar_afil_rubr,sfct_saldos_diarios_afiliados",SALDODIARIO_TYPE,SALDOACTUAL,,
saldoDiarioType,"fctbrubr_rent,fctbsald_diar_afil_rubr,sfct_saldos_diarios_afiliados",SALDODIARIO_TYPE,CODIGOEMPRESA,,
seguroVidaParticipeType,"svtbcaus,svtbdisc,svtbefec,svtbfmpg,svtbstro,svtbstro_bene,svtbstro_cred,svtbstro_deta,svtbstro_exte",SEGUROVIDAPARTICIPE_TYPE,CODIGOSECUENCIACAUSAFALLECIMIENTO,,
seguroVidaParticipeType,"svtbcaus,svtbdisc,svtbefec,svtbfmpg,svtbstro,svtbstro_bene,svtbstro_cred,svtbstro_deta,svtbstro_exte",SEGUROVIDAPARTICIPE_TYPE,DESCRIPCIONCAUSAFALLECIMIENTO,,
seguroVidaParticipeType,"svtbcaus,svtbdisc,svtbefec,svtbfmpg,svtbstro,svtbstro_bene,svtbstro_cred,svtbstro_deta,svtbstro_exte",SEGUROVIDAPARTICIPE_TYPE,ESTADOCAUSA,,
seguroVidaParticipeType,"svtbcaus,svtbdisc,svtbefec,svtbfmpg,svtbstro,svtbstro_bene,svtbstro_cred,svtbstro_deta,svtbstro_exte",SEGUROVIDAPARTICIPE_TYPE,FECHACREACION,,
seguroVidaParticipeType,"svtbcaus,svtbdisc,svtbefec,svtbfmpg,svtbstro,svtbstro_bene,svtbstro_cred,svtbstro_deta,svtbstro_exte",SEGUROVIDAPARTICIPE_TYPE,FECHAMODIFICACION,,
seguroVidaParticipeType,"svtbcaus,svtbdisc,svtbefec,svtbfmpg,svtbstro,svtbstro_bene,svtbstro_cred,svtbstro_deta,svtbstro_exte",SEGUROVIDAPARTICIPE_TYPE,USUARIOINGRESA,,
seguroVidaParticipeType,"svtbcaus,svtbdisc,svtbefec,svtbfmpg,svtbstro,svtbstro_bene,svtbstro_cred,svtbstro_deta,svtbstro_exte",SEGUROVIDAPARTICIPE_TYPE,USUARIOMODIFICA,,
seguroVidaParticipeType,"svtbcaus,svtbdisc,svtbefec,svtbfmpg,svtbstro,svtbstro_bene,svtbstro_cred,svtbstro_deta,svtbstro_exte",SEGUROVIDAPARTICIPE_TYPE,CODIGOFONDO,,
seguroVidaParticipeType,"svtbcaus,svtbdisc,svtbefec,svtbfmpg,svtbstro,svtbstro_bene,svtbstro_cred,svtbstro_deta,svtbstro_exte",SEGUROVIDAPARTICIPE_TYPE,CODIGOTIPOFAMILIAR,,
seguroVidaParticipeType,"svtbcaus,svtbdisc,svtbefec,svtbfmpg,svtbstro,svtbstro_bene,svtbstro_cred,svtbstro_deta,svtbstro_exte",SEGUROVIDAPARTICIPE_TYPE,CODIGOTIPOPLAN,,
seguroVidaParticipeType,"svtbcaus,svtbdisc,svtbefec,svtbfmpg,svtbstro,svtbstro_bene,svtbstro_cred,svtbstro_deta,svtbstro_exte",SEGUROVIDAPARTICIPE_TYPE,EDADPROVEEDOR,,
seguroVidaParticipeType,"svtbcaus,svtbdisc,svtbefec,svtbfmpg,svtbstro,svtbstro_bene,svtbstro_cred,svtbstro_deta,svtbstro_exte",SEGUROVIDAPARTICIPE_TYPE,ESTADOCOBERTURA,,
seguroVidaParticipeType,"svtbcaus,svtbdisc,svtbefec,svtbfmpg,svtbstro,svtbstro_bene,svtbstro_cred,svtbstro_deta,svtbstro_exte",SEGUROVIDAPARTICIPE_TYPE,FECHAAFILIACIONCAM,,
seguroVidaParticipeType,"svtbcaus,svtbdisc,svtbefec,svtbfmpg,svtbstro,svtbstro_bene,svtbstro_cred,svtbstro_deta,svtbstro_exte",SEGUROVIDAPARTICIPE_TYPE,FECHAFINALVIGENCIATASA,,
seguroVidaParticipeType,"svtbcaus,svtbdisc,svtbefec,svtbfmpg,svtbstro,svtbstro_bene,svtbstro_cred,svtbstro_deta,svtbstro_exte",SEGUROVIDAPARTICIPE_TYPE,FECHAINICIO,,
seguroVidaParticipeType,"svtbcaus,svtbdisc,svtbefec,svtbfmpg,svtbstro,svtbstro_bene,svtbstro_cred,svtbstro_deta,svtbstro_exte",SEGUROVIDAPARTICIPE_TYPE,MONTOCOBERTURA,,
seguroVidaParticipeType,"svtbcaus,svtbdisc,svtbefec,svtbfmpg,svtbstro,svtbstro_bene,svtbstro_cred,svtbstro_deta,svtbstro_exte",SEGUROVIDAPARTICIPE_TYPE,NUMEROANIOSAFILIACIONFCME,,
seguroVidaParticipeType,"svtbcaus,svtbdisc,svtbefec,svtbfmpg,svtbstro,svtbstro_bene,svtbstro_cred,svtbstro_deta,svtbstro_exte",SEGUROVIDAPARTICIPE_TYPE,TIPOCOBERTURA,,
seguroVidaParticipeType,"svtbcaus,svtbdisc,svtbefec,svtbfmpg,svtbstro,svtbstro_bene,svtbstro_cred,svtbstro_deta,svtbstro_exte",SEGUROVIDAPARTICIPE_TYPE,CODIGODISCAPACIDADFAMILIARES,,
seguroVidaParticipeType,"svtbcaus,svtbdisc,svtbefec,svtbfmpg,svtbstro,svtbstro_bene,svtbstro_cred,svtbstro_deta,svtbstro_exte",SEGUROVIDAPARTICIPE_TYPE,DISCAPACIDADFAMILIARESAFILIADO,,
seguroVidaParticipeType,"svtbcaus,svtbdisc,svtbefec,svtbfmpg,svtbstro,svtbstro_bene,svtbstro_cred,svtbstro_deta,svtbstro_exte",SEGUROVIDAPARTICIPE_TYPE,ESTADODISCAPACIDAD,,
seguroVidaParticipeType,"svtbcaus,svtbdisc,svtbefec,svtbfmpg,svtbstro,svtbstro_bene,svtbstro_cred,svtbstro_deta,svtbstro_exte",SEGUROVIDAPARTICIPE_TYPE,CODIGOEFECTO,,
seguroVidaParticipeType,"svtbcaus,svtbdisc,svtbefec,svtbfmpg,svtbstro,svtbstro_bene,svtbstro_cred,svtbstro_deta,svtbstro_exte",SEGUROVIDAPARTICIPE_TYPE,DESCRIPCIONEFECTO,,
seguroVidaParticipeType,"svtbcaus,svtbdisc,svtbefec,svtbfmpg,svtbstro,svtbstro_bene,svtbstro_cred,svtbstro_deta,svtbstro_exte",SEGUROVIDAPARTICIPE_TYPE,ESTADOEFECTO,,
seguroVidaParticipeType,"svtbcaus,svtbdisc,svtbefec,svtbfmpg,svtbstro,svtbstro_bene,svtbstro_cred,svtbstro_deta,svtbstro_exte",SEGUROVIDAPARTICIPE_TYPE,TIPOEFECTO,,
seguroVidaParticipeType,"svtbcaus,svtbdisc,svtbefec,svtbfmpg,svtbstro,svtbstro_bene,svtbstro_cred,svtbstro_deta,svtbstro_exte",SEGUROVIDAPARTICIPE_TYPE,DESCRIPCIONFORMAPAGO,,
seguroVidaParticipeType,"svtbcaus,svtbdisc,svtbefec,svtbfmpg,svtbstro,svtbstro_bene,svtbstro_cred,svtbstro_deta,svtbstro_exte",SEGUROVIDAPARTICIPE_TYPE,ESTADOFORMAPAGO,,
seguroVidaParticipeType,"svtbcaus,svtbdisc,svtbefec,svtbfmpg,svtbstro,svtbstro_bene,svtbstro_cred,svtbstro_deta,svtbstro_exte",SEGUROVIDAPARTICIPE_TYPE,TIPOFORMAPAGO,,
seguroVidaParticipeType,"svtbcaus,svtbdisc,svtbefec,svtbfmpg,svtbstro,svtbstro_bene,svtbstro_cred,svtbstro_deta,svtbstro_exte",SEGUROVIDAPARTICIPE_TYPE,CEDULAIDENTIDADAFILIADO,,
seguroVidaParticipeType,"svtbcaus,svtbdisc,svtbefec,svtbfmpg,svtbstro,svtbstro_bene,svtbstro_cred,svtbstro_deta,svtbstro_exte",SEGUROVIDAPARTICIPE_TYPE,CEDULAIDENTIDADSINIESTRADO,,
seguroVidaParticipeType,"svtbcaus,svtbdisc,svtbefec,svtbfmpg,svtbstro,svtbstro_bene,svtbstro_cred,svtbstro_deta,svtbstro_exte",SEGUROVIDAPARTICIPE_TYPE,CODIGOBANCOELCUALREALIZAPAGO,,
seguroVidaParticipeType,"svtbcaus,svtbdisc,svtbefec,svtbfmpg,svtbstro,svtbstro_bene,svtbstro_cred,svtbstro_deta,svtbstro_exte",SEGUROVIDAPARTICIPE_TYPE,CODIGOEMPRESA,,
seguroVidaParticipeType,"svtbcaus,svtbdisc,svtbefec,svtbfmpg,svtbstro,svtbstro_bene,svtbstro_cred,svtbstro_deta,svtbstro_exte",SEGUROVIDAPARTICIPE_TYPE,CODIGOPROVINCIA,,
seguroVidaParticipeType,"svtbcaus,svtbdisc,svtbefec,svtbfmpg,svtbstro,svtbstro_bene,svtbstro_cred,svtbstro_deta,svtbstro_exte",SEGUROVIDAPARTICIPE_TYPE,CODIGOUSUARIOCONFIRMA,,
seguroVidaParticipeType,"svtbcaus,svtbdisc,svtbefec,svtbfmpg,svtbstro,svtbstro_bene,svtbstro_cred,svtbstro_deta,svtbstro_exte",SEGUROVIDAPARTICIPE_TYPE,ESTADOANTERIORSINIESTRADO,,
seguroVidaParticipeType,"svtbcaus,svtbdisc,svtbefec,svtbfmpg,svtbstro,svtbstro_bene,svtbstro_cred,svtbstro_deta,svtbstro_exte",SEGUROVIDAPARTICIPE_TYPE,ESTADOSINESTRO,,
seguroVidaParticipeType,"svtbcaus,svtbdisc,svtbefec,svtbfmpg,svtbstro,svtbstro_bene,svtbstro_cred,svtbstro_deta,svtbstro_exte",SEGUROVIDAPARTICIPE_TYPE,FECHAAUTORIZACION,,
seguroVidaParticipeType,"svtbcaus,svtbdisc,svtbefec,svtbfmpg,svtbstro,svtbstro_bene,svtbstro_cred,svtbstro_deta,svtbstro_exte",SEGUROVIDAPARTICIPE_TYPE,FECHAELIMINACION,,
seguroVidaParticipeType,"svtbcaus,svtbdisc,svtbefec,svtbfmpg,svtbstro,svtbstro_bene,svtbstro_cred,svtbstro_deta,svtbstro_exte",SEGUROVIDAPARTICIPE_TYPE,FECHAFALLECIMIENTO,,
seguroVidaParticipeType,"svtbcaus,svtbdisc,svtbefec,svtbfmpg,svtbstro,svtbstro_bene,svtbstro_cred,svtbstro_deta,svtbstro_exte",SEGUROVIDAPARTICIPE_TYPE,FECHANOTIFICACIONSINIESTRO,,
seguroVidaParticipeType,"svtbcaus,svtbdisc,svtbefec,svtbfmpg,svtbstro,svtbstro_bene,svtbstro_cred,svtbstro_deta,svtbstro_exte",SEGUROVIDAPARTICIPE_TYPE,FECHAPRESENTACIONPAPELESSINIESTRADO,,
seguroVidaParticipeType,"svtbcaus,svtbdisc,svtbefec,svtbfmpg,svtbstro,svtbstro_bene,svtbstro_cred,svtbstro_deta,svtbstro_exte",SEGUROVIDAPARTICIPE_TYPE,FECHAVERIFICACION,,
seguroVidaParticipeType,"svtbcaus,svtbdisc,svtbefec,svtbfmpg,svtbstro,svtbstro_bene,svtbstro_cred,svtbstro_deta,svtbstro_exte",SEGUROVIDAPARTICIPE_TYPE,SECUENCIASINIESTRO,,
seguroVidaParticipeType,"svtbcaus,svtbdisc,svtbefec,svtbfmpg,svtbstro,svtbstro_bene,svtbstro_cred,svtbstro_deta,svtbstro_exte",SEGUROVIDAPARTICIPE_TYPE,TIPOSINIESTRO,,
seguroVidaParticipeType,"svtbcaus,svtbdisc,svtbefec,svtbfmpg,svtbstro,svtbstro_bene,svtbstro_cred,svtbstro_deta,svtbstro_exte",SEGUROVIDAPARTICIPE_TYPE,USUARIOAUTORIZACION,,
seguroVidaParticipeType,"svtbcaus,svtbdisc,svtbefec,svtbfmpg,svtbstro,svtbstro_bene,svtbstro_cred,svtbstro_deta,svtbstro_exte",SEGUROVIDAPARTICIPE_TYPE,USUARIOELIMINA,,
seguroVidaParticipeType,"svtbcaus,svtbdisc,svtbefec,svtbfmpg,svtbstro,svtbstro_bene,svtbstro_cred,svtbstro_deta,svtbstro_exte",SEGUROVIDAPARTICIPE_TYPE,CEDULABENEFICIARIO,,
seguroVidaParticipeType,"svtbcaus,svtbdisc,svtbefec,svtbfmpg,svtbstro,svtbstro_bene,svtbstro_cred,svtbstro_deta,svtbstro_exte",SEGUROVIDAPARTICIPE_TYPE,CODIGOTIPOFAMILIARSINIESTRADO,,
seguroVidaParticipeType,"svtbcaus,svtbdisc,svtbefec,svtbfmpg,svtbstro,svtbstro_bene,svtbstro_cred,svtbstro_deta,svtbstro_exte",SEGUROVIDAPARTICIPE_TYPE,MONTOQUERECIBIOBENEFICIARIO,,
seguroVidaParticipeType,"svtbcaus,svtbdisc,svtbefec,svtbfmpg,svtbstro,svtbstro_bene,svtbstro_cred,svtbstro_deta,svtbstro_exte",SEGUROVIDAPARTICIPE_TYPE,PORCENTAJEDISTRUBUCION,,
seguroVidaParticipeType,"svtbcaus,svtbdisc,svtbefec,svtbfmpg,svtbstro,svtbstro_bene,svtbstro_cred,svtbstro_deta,svtbstro_exte",SEGUROVIDAPARTICIPE_TYPE,ABONOPROPUESTOCREDITODESGRAVAMEN,,
seguroVidaParticipeType,"svtbcaus,svtbdisc,svtbefec,svtbfmpg,svtbstro,svtbstro_bene,svtbstro_cred,svtbstro_deta,svtbstro_exte",SEGUROVIDAPARTICIPE_TYPE,ANIOCREDITO,,
seguroVidaParticipeType,"svtbcaus,svtbdisc,svtbefec,svtbfmpg,svtbstro,svtbstro_bene,svtbstro_cred,svtbstro_deta,svtbstro_exte",SEGUROVIDAPARTICIPE_TYPE,INDICADORPAGODESGRAVAMEN,,
seguroVidaParticipeType,"svtbcaus,svtbdisc,svtbefec,svtbfmpg,svtbstro,svtbstro_bene,svtbstro_cred,svtbstro_deta,svtbstro_exte",SEGUROVIDAPARTICIPE_TYPE,MONTOCREDITOACANCELAR,,
seguroVidaParticipeType,"svtbcaus,svtbdisc,svtbefec,svtbfmpg,svtbstro,svtbstro_bene,svtbstro_cred,svtbstro_deta,svtbstro_exte",SEGUROVIDAPARTICIPE_TYPE,MONTOPAGARSOBREGIROOTROFONDO,,
seguroVidaParticipeType,"svtbcaus,svtbdisc,svtbefec,svtbfmpg,svtbstro,svtbstro_bene,svtbstro_cred,svtbstro_deta,svtbstro_exte",SEGUROVIDAPARTICIPE_TYPE,SECUENCIACREDITO,,
seguroVidaParticipeType,"svtbcaus,svtbdisc,svtbefec,svtbfmpg,svtbstro,svtbstro_bene,svtbstro_cred,svtbstro_deta,svtbstro_exte",SEGUROVIDAPARTICIPE_TYPE,TIPOCREDITO,,
seguroVidaParticipeType,"svtbcaus,svtbdisc,svtbefec,svtbfmpg,svtbstro,svtbstro_bene,svtbstro_cred,svtbstro_deta,svtbstro_exte",SEGUROVIDAPARTICIPE_TYPE,VALORDESGRAVAMEN,,
seguroVidaParticipeType,"svtbcaus,svtbdisc,svtbefec,svtbfmpg,svtbstro,svtbstro_bene,svtbstro_cred,svtbstro_deta,svtbstro_exte",SEGUROVIDAPARTICIPE_TYPE,MONTOCUBIERTOPORDESGRAVAMEN,,
seguroVidaParticipeType,"svtbcaus,svtbdisc,svtbefec,svtbfmpg,svtbstro,svtbstro_bene,svtbstro_cred,svtbstro_deta,svtbstro_exte",SEGUROVIDAPARTICIPE_TYPE,MONTONOCUBIERTOCREDITO,,
seguroVidaParticipeType,"svtbcaus,svtbdisc,svtbefec,svtbfmpg,svtbstro,svtbstro_bene,svtbstro_cred,svtbstro_deta,svtbstro_exte",SEGUROVIDAPARTICIPE_TYPE,MONTOPAGOSOBREGIROOTROFONDO,,
seguroVidaParticipeType,"svtbcaus,svtbdisc,svtbefec,svtbfmpg,svtbstro,svtbstro_bene,svtbstro_cred,svtbstro_deta,svtbstro_exte",SEGUROVIDAPARTICIPE_TYPE,MONTOPARACUBRIRSALDOCREDITO,,
seguroVidaParticipeType,"svtbcaus,svtbdisc,svtbefec,svtbfmpg,svtbstro,svtbstro_bene,svtbstro_cred,svtbstro_deta,svtbstro_exte",SEGUROVIDAPARTICIPE_TYPE,MONTOREALAPERCIBIRPORSINIESTRO,,
seguroVidaParticipeType,"svtbcaus,svtbdisc,svtbefec,svtbfmpg,svtbstro,svtbstro_bene,svtbstro_cred,svtbstro_deta,svtbstro_exte",SEGUROVIDAPARTICIPE_TYPE,ESTADOSINIESTROEXTEMPORANEO,,
seguroVidaParticipeType,"svtbcaus,svtbdisc,svtbefec,svtbfmpg,svtbstro,svtbstro_bene,svtbstro_cred,svtbstro_deta,svtbstro_exte",SEGUROVIDAPARTICIPE_TYPE,FECHASINIESTRO,,
servicioAdicionalType,"fctbcser_adic,fctbesta_civi,fctbgene_sibs,fctbpara_serv_adic,sfct_afiliado",SERVICIOADICIONAL_TYPE,CODIGOTIPOIDENTIFICACION,,
servicioAdicionalType,"fctbcser_adic,fctbesta_civi,fctbgene_sibs,fctbpara_serv_adic,sfct_afiliado",SERVICIOADICIONAL_TYPE,IDENTIFICACION,,
servicioAdicionalType,"fctbcser_adic,fctbesta_civi,fctbgene_sibs,fctbpara_serv_adic,sfct_afiliado",SERVICIOADICIONAL_TYPE,SECUENCIASERVICIO,,
servicioAdicionalType,"fctbcser_adic,fctbesta_civi,fctbgene_sibs,fctbpara_serv_adic,sfct_afiliado",SERVICIOADICIONAL_TYPE,CODIGOTIPOSERVICIO,,
servicioAdicionalType,"fctbcser_adic,fctbesta_civi,fctbgene_sibs,fctbpara_serv_adic,sfct_afiliado",SERVICIOADICIONAL_TYPE,DESCRIPCIONSERVICIO,,
servicioAdicionalType,"fctbcser_adic,fctbesta_civi,fctbgene_sibs,fctbpara_serv_adic,sfct_afiliado",SERVICIOADICIONAL_TYPE,MONTOSERVICIO,,
servicioAdicionalType,"fctbcser_adic,fctbesta_civi,fctbgene_sibs,fctbpara_serv_adic,sfct_afiliado",SERVICIOADICIONAL_TYPE,FECHAINICIO,,
servicioAdicionalType,"fctbcser_adic,fctbesta_civi,fctbgene_sibs,fctbpara_serv_adic,sfct_afiliado",SERVICIOADICIONAL_TYPE,FECHAFIN,,
servicioAdicionalType,"fctbcser_adic,fctbesta_civi,fctbgene_sibs,fctbpara_serv_adic,sfct_afiliado",SERVICIOADICIONAL_TYPE,ESTADO,ce_estado,
servicioAdicionalType,"fctbcser_adic,fctbesta_civi,fctbgene_sibs,fctbpara_serv_adic,sfct_afiliado",SERVICIOADICIONAL_TYPE,CODIGOUSUARIOAUTORIZA,,
servicioAdicionalType,"fctbcser_adic,fctbesta_civi,fctbgene_sibs,fctbpara_serv_adic,sfct_afiliado",SERVICIOADICIONAL_TYPE,FECHAAUTORIZACION,,
servicioAdicionalType,"fctbcser_adic,fctbesta_civi,fctbgene_sibs,fctbpara_serv_adic,sfct_afiliado",SERVICIOADICIONAL_TYPE,CODIGOEMPRESA,,
servicioAdicionalType,"fctbcser_adic,fctbesta_civi,fctbgene_sibs,fctbpara_serv_adic,sfct_afiliado",SERVICIOADICIONAL_TYPE,SECUENCIA,,
servicioAdicionalType,"fctbcser_adic,fctbesta_civi,fctbgene_sibs,fctbpara_serv_adic,sfct_afiliado",SERVICIOADICIONAL_TYPE,NUMEROCEDULARECIBECOREO,,
servicioAdicionalType,"fctbcser_adic,fctbesta_civi,fctbgene_sibs,fctbpara_serv_adic,sfct_afiliado",SERVICIOADICIONAL_TYPE,TIPOSERVICIO,,
servicioAdicionalType,"fctbcser_adic,fctbesta_civi,fctbgene_sibs,fctbpara_serv_adic,sfct_afiliado",SERVICIOADICIONAL_TYPE,USUARIOINGRESA,,
servicioAdicionalType,"fctbcser_adic,fctbesta_civi,fctbgene_sibs,fctbpara_serv_adic,sfct_afiliado",SERVICIOADICIONAL_TYPE,FECHACREACION,,
servicioAdicionalType,"fctbcser_adic,fctbesta_civi,fctbgene_sibs,fctbpara_serv_adic,sfct_afiliado",SERVICIOADICIONAL_TYPE,USUARIOAUTORIZACION,,
servicioAdicionalType,"fctbcser_adic,fctbesta_civi,fctbgene_sibs,fctbpara_serv_adic,sfct_afiliado",SERVICIOADICIONAL_TYPE,USUARIOMODIFICA,,
servicioAdicionalType,"fctbcser_adic,fctbesta_civi,fctbgene_sibs,fctbpara_serv_adic,sfct_afiliado",SERVICIOADICIONAL_TYPE,FECHAMODIFICACION,,
servicioAdicionalType,"fctbcser_adic,fctbesta_civi,fctbgene_sibs,fctbpara_serv_adic,sfct_afiliado",SERVICIOADICIONAL_TYPE,ESTADOREGISTRO,,
